Abl.	Apul. flor.
Abl.	od.
Acad.	Char. dig.
Acc.	Aen.
Acc.	Brut.
Acc.	Charis. dig.
Acc.	ann. fr. inc.
Acc.	didasc.
Acc.	fr.
Acc.	praet.
Acc.	pragm.
Acc.	tr.
Acc.	tr. 
Acc.	tr. Aen.
Acc.	tr. Brut.
Acc.	tr. inc. fab.
Acc.	trag.
Acro.	de art. poët.
Act.	fr. arv. tab.
Act.	fratr. Arv.
Adv.	crit.
Aegrit.	Perdic.
Aesch.	Sept. adv. Theb.
Aethic.	cosmogr.
Afran.	com.
Afran.	com. 
African.	dig.
Agustin.	epist.
Akk.	Enn. ann.
Albin.	ad Liv.
Albin.	art. rhet.
Albin.	de art. rhet.
Albin.	orthogr.
Albinov.	ad Liv.
Albinov.	eleg.
Albinov.	in Maecen.
Alc.	Avit.
Alc.	Avit. ep.
Alc.	Avit. epist.
Alc.	Avit. homil.
Alc.	Avit. poëm.
Alcim.	Av. ep.
Alcim.	Avit.
Alcim.	Avit. ep.
Alcim.	Avit. epist.
Alcim.	Avit. fr.
Alcim.	Avit. homil.
Alcim.	Avit. poëm.
Alcim.	ad Sor.
Alcim.	ad soror.
Alcim.	ep.
Alcim.	epist.
Alcim.	homil. fr.
Ald.	Dynam.
Aldh.	de laud. virg.
Aldh.	de laud. virgin.
Aldh.	de laud. virginit.
Aldh.	de virginit.
Aldh.	epist.
Aldh.	laud. virg.
Aldhelm.	de laud. virg.
Alex.	Sev.
Alex.	Trall.
Alexandr.	Berol.
Alfen.	dig.
Als.	ep.
Altertumsw.	Jahrg.
Ambr.	de off.
Ambr.	epist.
Ambr.	hex.
Ambr.	hexaëm.
Ambros.	Isai.
Ambros.	Luc.
Ambros.	Tob.
Ambros.	ad Corinth.
Ambros.	apol. David.
Ambros.	cant. cantic.
Ambros.	de Abrah.
Ambros.	de Ioseph. patr.
Ambros.	de Nab.
Ambros.	de Tob.
Ambros.	de Tob. no.
Ambros.	de bened. patriarch.
Ambros.	de bon. mort.
Ambros.	de dign. sacerd.
Ambros.	de exc. fratr.
Ambros.	de exc. fratr. Sat.
Ambros.	de fid.
Ambros.	de fug. saec.
Ambros.	de fug. saecul.
Ambros.	de inc. dom. sacr.
Ambros.	de incarn. dom. sacr.
Ambros.	de incarn. dom. sacram.
Ambros.	de incarn. domin.
Ambros.	de inst. virg.
Ambros.	de instit. virg.
Ambros.	de laps. virg.
Ambros.	de laps. virg. consecr.
Ambros.	de laps. virgin.
Ambros.	de obit. Valent.
Ambros.	de off.
Ambros.	de off. min.
Ambros.	de off. ministr.
Ambros.	de paenit.
Ambros.	de parad.
Ambros.	de sacram.
Ambros.	de spir. scto.
Ambros.	de vid.
Ambros.	de virg.
Ambros.	de virg. consecr.
Ambros.	de virgg.
Ambros.	de virgin.
Ambros.	de vocat. gent.
Ambros.	ep.
Ambros.	epist.
Ambros.	exh. virg.
Ambros.	exhort. virg.
Ambros.	exhort. virgin.
Ambros.	gest. concil. Aquil.
Ambros.	gest. concil. Aquilei.
Ambros.	hex.
Ambros.	hexaëm.
Ambros.	hymn.
Ambros.	in Luc.
Ambros.	in Luc. prol.
Ambros.	in cant. cantic.
Ambros.	in psalm.
Ambros.	in psalm. praef.
Ambros.	inst. virg.
Ambros.	instit. virg.
Ambros.	off.
Ambros.	off. min.
Ambros.	serm.
Amm.	Sen.
Amm.	Vgl. Prisc.
Amm.	exc. Vales.
Ampel.	lib. mem.
Ampsacus.	Solin.
Anal.	Non.
Anal.	Prop.
Anal.	gramm.
Analect.	gramm.
Anbros.	de off.
Anecd.	Helv.
Anecd.	Helvet.
Anecd.	II.
Anecd.	ed. Rose. Vol.
Angustin.	conf.
Angustin.	epist.
Angustin.	in gen.
Anian.	ex Paul. sent.
Annot.	de ben.
Anon.	Ravenn.
Anon.	Val.
Anon.	de dub. nom.
Anon.	de solemn.
Anon.	de solemnit.
Anonym.	Orest. trag.
Anonym.	de solemn.
Ant.	imp.
Anth.	Lat.
Anthim.	praef.
Anthol.	Lat.
Anthol.	Lat. 
Anthol.	Lat. fasc.
Anthol.	Latin.
Anthol.	epigr. II. no.
Anthol.	epigr. Lat. spec.
Anthol.	epigr. spec.
Antib.	Aufl.
Antib.	Bd.
Anton.	Get.
Anton.	de eloqu.
Anton.	fr.
Anton.	imp.
Anton.	imper.
Anton.	itin.
Anton.	philos.
Antonin.	imp.
Apic.	Vgl.
Apic.	lib.
Apol.	apol.
Apol.	de mund.
Apoll.	de synt.
Apollin.	in Alcim. Avit. epist.
Apollon.	Rhod.
Apollon.	hist.
Append.	serm.
Apriss.	com.
Apul.	Flor.
Apul.	Hildebr. Apul. met.
Apul.	Plat.
Apul.	Vgl.
Apul.	Vgl. Hildebr. Apul. met.
Apul.	apol.
Apul.	apol. 
Apul.	de Plat.
Apul.	de Plat. 
Apul.	de apol.
Apul.	de diphth.
Apul.	de dogm. Plat.
Apul.	de dogm. Plaut.
Apul.	de mag.
Apul.	de mag. 
Apul.	de med.
Apul.	de mund.
Apul.	de mund. 
Apul.	de mund. praef. in. Prisc.
Apul.	de not. aspir.
Apul.	de orth.
Apul.	de orthogr.
Apul.	doctr. Plat.
Apul.	dogm. Plat.
Apul.	flor.
Apul.	fr. no.
Apul.	herb.
Apul.	in Anthol. Lat.
Apul.	inc. libr. fr.
Apul.	met.
Apul.	met. 
Apul.	met. fr.
Apul.	met. fr. vol.
Apul.	mund.
Apul.	orthogr.
Apul.	poët. apol.
Aquil.	Rom.
Aquil.	Roman.
Aquil.	de fig. sent.
Arat.	act. apost.
Arator.	in act. apost.
Arcad.	Charis. dig.
Arcad.	dig.
Archiloch.	fr.
Argum.	Plaut. Epid.
Argum.	Plaut. capt.
Argum.	mostell. Plaut.
Argument.	ad Plaut. asin.
Arist.	II.
Arist.	anal. post.
Arist.	anal. pr.
Arist.	categ.
Arist.	categ. syll. introd.
Arist.	post. anal.
Arist.	top.
Aristoph.	Nub.
Aristoph.	equ.
Aristot.	anal. post.
Aristot.	anal. poster.
Aristot.	anal. pr.
Aristot.	anal. prior.
Aristot.	analyt. post.
Aristot.	analyt. prior.
Aristot.	categ.
Aristot.	de interpr.
Aristot.	de interpr. ed. pr.
Aristot.	de interpr. ed. sec.
Aristot.	elench.
Aristot.	elench. soph.
Aristot.	elench. sophist.
Aristot.	herm. sec.
Aristot.	periherm.
Aristot.	perist.
Aristot.	praedic.
Aristot.	rhet.
Aristot.	top.
Aristot.	topic.
Arnob.	adv. nat.
Arnob.	apol.
Arnob.	in Luc.
Arnob.	in psalm.
Arnob.	in psalm. 
Arnob.	iun. confl.
Arnob.	poët.
Arr.	Men. dig.
Arr.	Menand. dig.
Arrunt.	in Sen. ep.
Arrus.	Mess.
As.	in Cic. ep.
Ascon.	Cic. Mil.
Ascon.	Cic. Mil. argum.
Ascon.	Cic. Milon.
Ascon.	Hor. carm.
Ascon.	Hor. sat.
Ascon.	ad Cic. Mil.
Ascon.	ad Cic. tog. cand.
Ascon.	de tog. cand.
Ascon.	in Caecil.
Ascon.	in Cic. Pis.
Ascon.	in Cic. Pis. enarr.
Ascon.	in Cic. Pison.
Ascon.	in Cic. Scaur.
Ascon.	in Pison.
Ascon.	in Scaur.
Ascon.	in tog. cand.
Ascon.	in tog. cand. fr.
Asin.	in Cic. ep.
Assumpt.	Mos.
At.	Fortunat.
Atell.	inc.
Atil.	Fortun. art. metr.
Atil.	Fortunat.
Atil.	com.
Atil.	de art. metr.
Att.	fr.
Att.	fr. Brut.
Att.	tr.
Auct.	Aetn.
Auct.	Cosmogr.
Auct.	Priap.
Auct.	Vict. Caes.
Auct.	Vict. epit.
Auct.	ad Liv.
Auct.	ad Messal.
Auct.	ad Pis.
Auct.	ad Pison.
Auct.	ad Plaut. Men.
Auct.	argum.
Auct.	bell. Afr.
Auct.	class.
Auct.	class. tom.
Auct.	de Philom.
Auct.	de Phoen.
Auct.	de aucup.
Auct.	de div. fabr. archit.
Auct.	de dub. nom.
Auct.	de fig.
Auct.	de gen. idiom.
Auct.	de genes.
Auct.	de idiom.
Auct.	de idiom. cas.
Auct.	de idiom. gen.
Auct.	de idiot. gen.
Auct.	de libr.
Auct.	de libr. partt.
Auct.	de mirac. mund.
Auct.	de pond.
Auct.	de ponder.
Auct.	de praenom.
Auct.	de progen. Aug.
Auct.	de schem. dian.
Auct.	de vir. ill.
Auct.	de virt. herb.
Auct.	descr. orb.
Auct.	epit. Iliad.
Auct.	epit. Iliad. Hom.
Auct.	frgm. iur. anteiust.
Auct.	in Anthol. Lat.
Auct.	in Boëth.
Auct.	in Catil.
Auct.	in Liv.
Auct.	in Pis.
Auct.	in Pison.
Auct.	in Sall.
Auct.	in obit. Maecen.
Auct.	inc. exc. mathem.
Auct.	inc. pan. Constant.
Auct.	inc. pan. Constant. Aug.
Auct.	inc. pan. Constant. Caes.
Auct.	incert. grat. act. Constant. Aug.
Auct.	it. Alex.
Auct.	itin. Alex.
Auct.	laud. Herc.
Auct.	pan. Const. Aug.
Auct.	pan. Constant. Aug.
Auct.	perv. Ven.
Auct.	pervig. Ven.
Auct.	prol. Plaut. Amph.
Auct.	prol. Plaut. Cas.
Auct.	prol. Plaut. Men.
Auct.	prol. Plaut. Poen.
Auct.	prol. Plaut. capt. prol.
Auct.	prol. Plaut. truc.
Auct.	schem. dian.
Auct.	serm.
Auct.	vit. Cypr.
Aufl.	Bd.
Aug.	epist.
Aug.	in Secundin.
Augnstin.	de doctr. Chr.
Augugtin.	ep.
August.	serm.
Augustin.	Acad.
Augustin.	Galat.
Augustin.	Serm.
Augustin.	ad Parth. tract.
Augustin.	ad Roman.
Augustin.	ad Simplician.
Augustin.	ad lit.
Augustin.	ad litt.
Augustin.	ad litt. lib. imperf.
Augustin.	ad litt. op. imperf.
Augustin.	ad litter.
Augustin.	adv. Acad.
Augustin.	adv. Don.
Augustin.	adv. Donat.
Augustin.	adv. Iulian.
Augustin.	adv. Pelag.
Augustin.	art. gramm.
Augustin.	catech.
Augustin.	catech. rud.
Augustin.	conf.
Augustin.	cons. euang.
Augustin.	de agon. Chr.
Augustin.	de anim.
Augustin.	de anim. orig.
Augustin.	de beat. vit.
Augustin.	de cant. nov.
Augustin.	de catech. rud.
Augustin.	de categ.
Augustin.	de coniug. adult.
Augustin.	de cons. euang.
Augustin.	de cons. evang.
Augustin.	de consens. euang.
Augustin.	de consens. evang.
Augustin.	de consol. phil. pros.
Augustin.	de contin.
Augustin.	de dial.
Augustin.	de div. quaest. qu.
Augustin.	de divers. quaest.
Augustin.	de doct. Chr.
Augustin.	de doctr. Chr.
Augustin.	de doctr. Chr. prol.
Augustin.	de doctr. Christ.
Augustin.	de doctr. chr.
Augustin.	de doctr. christ.
Augustin.	de don. persev.
Augustin.	de duab. anim.
Augustin.	de excid. urb.
Augustin.	de exod.
Augustin.	de gen.
Augustin.	de genes.
Augustin.	de gest. Pelag.
Augustin.	de haeres.
Augustin.	de haeres. no.
Augustin.	de lib. arb.
Augustin.	de lib. arbitr.
Augustin.	de magistr.
Augustin.	de merit. peccat.
Augustin.	de mor. Manich.
Augustin.	de mor. eccl.
Augustin.	de mor. eccl. cath.
Augustin.	de morib. Manich.
Augustin.	de morib. eccles. cathol.
Augustin.	de mus.
Augustin.	de music.
Augustin.	de num.
Augustin.	de op. monach.
Augustin.	de oper. monach.
Augustin.	de ord.
Augustin.	de ordin.
Augustin.	de pecc. merit.
Augustin.	de peccat. merit.
Augustin.	de quaest.
Augustin.	de quant. anim.
Augustin.	de quantit. anim.
Augustin.	de rhet.
Augustin.	de sanct. virgin.
Augustin.	de serm. apost.
Augustin.	de serm. dom.
Augustin.	de serm. domin.
Augustin.	de trin.
Augustin.	de trinit.
Augustin.	de unit. eccl.
Augustin.	de util. cred.
Augustin.	de utilit. cred.
Augustin.	de utilit. ieiun.
Augustin.	de ver. rel.
Augustin.	de ver. relig.
Augustin.	de virginit.
Augustin.	de vit. beat.
Augustin.	dial.
Augustin.	doctr. Chr.
Augustin.	don. persev.
Augustin.	enarr.
Augustin.	enchir.
Augustin.	ep.
Augustin.	epist.
Augustin.	haeres.
Augustin.	in Faust.
Augustin.	in Galat.
Augustin.	in Hier. ep.
Augustin.	in Hieron. epist.
Augustin.	in Io.
Augustin.	in Ioann.
Augustin.	in Ioann. euang.
Augustin.	in Ioann. euang. tract.
Augustin.	in Ioann. tract.
Augustin.	in Iud. qu.
Augustin.	in Levit. qu.
Augustin.	in deut.
Augustin.	in euang. Ioann.
Augustin.	in euang. Ioann. tract.
Augustin.	in evang. Ioann.
Augustin.	in exod.
Augustin.	in exod. 
Augustin.	in exod. no.
Augustin.	in exod. qu.
Augustin.	in fer. pentec.
Augustin.	in gen. qu.
Augustin.	in genes.
Augustin.	in genes. qu.
Augustin.	in hept.
Augustin.	in heptat.
Augustin.	in levit. qu.
Augustin.	in pentat.
Augustin.	in psalm.
Augustin.	in psalm. conc.
Augustin.	in psalm. serm.
Augustin.	lib. arbitr.
Augustin.	locut.
Augustin.	medit.
Augustin.	mendac.
Augustin.	mor. Manich.
Augustin.	mor. eccil. cath.
Augustin.	mor. eccl.
Augustin.	mus.
Augustin.	music.
Augustin.	op.
Augustin.	op. imperf.
Augustin.	peccat. merit.
Augustin.	psalm.
Augustin.	quaest.
Augustin.	quaest. hept.
Augustin.	regul.
Augustin.	retr.
Augustin.	retract.
Augustin.	retract. prol.
Augustin.	serm.
Augustin.	serm. 
Augustin.	serm. app.
Augustin.	serm. fr.
Augustin.	solil.
Augustin.	soliloqu.
Augustin.	spec.
Augustin.	specul.
Augustin.	tract.
Augustin.	trin.
Augustin.	trinit.
Aur.	Augustin. rhet.
Aur.	Vict.
Aur.	Vict. Caes.
Aur.	Vict. epit.
Aur.	Vict. orig.
Aur.	Vict. orig. gent. Rom.
Aur.	Vict. vir. ill.
Aur.	acut.
Aur.	chron.
Aur.	de Caes.
Aur.	de morb. acut.
Aur.	de morb. chron.
Aur.	de or. gent. Rom.
Aur.	de orig.
Aur.	de orig. gent. Rom.
Aur.	de rhet.
Aur.	de vir. ill.
Aur.	vict. epit.
Aur.	vict. vir. ill.
Aurel.	Arcad. dig.
Aurel.	de Caes.
Aurel.	de orig. gent. Rom.
Ausgew.	Br. Cic.
Auson.	Caes.
Auson.	Cent. nupt.
Auson.	Drepan. fil.
Auson.	Mos.
Auson.	Mos. 
Auson.	Mosell.
Auson.	Technop.
Auson.	ad edyll.
Auson.	ad nep. lemm.
Auson.	append.
Auson.	de fer. Rom.
Auson.	de hist.
Auson.	de litt. monos.
Auson.	de mens. monos.
Auson.	de monos.
Auson.	de nom. sept. dier.
Auson.	de prof.
Auson.	ecl.
Auson.	eclog.
Auson.	edyll.
Auson.	edyll. 
Auson.	egl.
Auson.	ep.
Auson.	ep. 
Auson.	ephem.
Auson.	ephem. orat.
Auson.	ephem. parecb.
Auson.	epig.
Auson.	epigr.
Auson.	epist.
Auson.	epist. edyll.
Auson.	epist. praem. edyll.
Auson.	epit. her.
Auson.	epitaph.
Auson.	epith.
Auson.	grat. act.
Auson.	grat. act. II.
Auson.	grat. act. III.
Auson.	grat. act. VIII.
Auson.	grat. act. XVII.
Auson.	grat. act. XVIII.
Auson.	lud. sept. sap.
Auson.	lud. sept. sap. praef.
Auson.	ord. urb. nob.
Auson.	ord. urb. nobil.
Auson.	parent.
Auson.	parent. praef.
Auson.	parent. praef. pros.
Auson.	perioch. Iliad.
Auson.	perioch. Iliad. prooem.
Auson.	perioch. Odyss.
Auson.	perioch. praef.
Auson.	prof.
Auson.	prof. carm.
Auson.	rhop.
Auson.	sept. sap.
Auson.	sept. sap. Cleob.
Avian.	apol.
Avian.	fab.
Avian.	fab. apol.
Avid.	Cass.
Avien.	Arat.
Avien.	Arat. 
Avien.	Arat. phaen.
Avien.	Phaen.
Avien.	ad Flav.
Avien.	descr. orb.
Avien.	descr. orb. terr.
Avien.	fab.
Avien.	or. mar.
Avien.	or. marit.
Avien.	orb. descr.
Avien.	orb. terr.
Avien.	perieg.
Avien.	phaen.
Avien.	phaenom.
Avien.	progn.
Avit.	ad Fascin. soror.
Bacch.	lin.
Baehr.	Isid. orig.
Barnab.	ep. vers. Lat.
Barth.	adv.
Bed.	cant. cantic.
Bed.	mund. constit. tom.
Bentl.	Hor. carm.
Bentl.	Hor. epod.
Bentl.	Hor. sat.
Bentl.	Ter. Hec.
Berl.	Philol. Wochenschr.
Bern.	ad Verg. georg.
Bibl.	crit.
Bithyn.	in Cic. ep.
Blomf.	Aeschyl. Sept.
Boecking.	Corp. inscr. Lat.
Boeth.	in Porphyr.
Bollett.	christ.
Bonif.	in Augustin. epist.
Bonn.	Apul. flor.
Bonn.	Aur. Vict. epit.
Borm.	Uned. Inschr. no.
Brisson.	de form.
Broukh.	Prop.
Broukh.	Tibull.
Brut.	ad Brut.
Brut.	in Cic. ep.
Buech.	Corp. inscr. Lat.
Buech.	no.
Burm.	Anthol. Lat.
Burm.	Ov. am.
Burm.	Ov. fast.
Burm.	Ov. her.
Burm.	Ov. met.
Burm.	Ov. trist.
Burm.	Phaedr.
Burm.	Prop.
Burm.	Ps. Ov. her.
Burm.	Ps. Quint. decl.
Burm.	Suet. Caes.
Burm.	Val. Flacc.
Burm.	Verg. georg.
Burs.	Prisc.
Caecil.	com.
Caecil.	com. 
Caecil.	com. fr.
Caecil.	com. fr. inc.
Caecil.	com. inc. fab. XXXV. Turpil. com.
Caecin.	in Cic. ep.
Caef.	de morb. chron.
Cael.	Antip.
Cael.	Antip. bell. Pun. sec. hist.
Cael.	Antip. hist.
Cael.	Arel. reg. mon.
Cael.	Aur. acut.
Cael.	Aur. acut. praef.
Cael.	Aur. chr.
Cael.	Aur. chron.
Cael.	Aur. salut. praec.
Cael.	Aur. sign. diaet. pass.
Cael.	Aur. signif. diaet. pass.
Cael.	Aur. tard.
Cael.	Aurel. acut.
Cael.	Aurel. chron.
Cael.	de morb.
Cael.	de morb. acut.
Cael.	de morb. acut. praef.
Cael.	de morb. chron.
Cael.	de morb. chron. praef.
Cael.	de morb. signif. diaet. pass.
Cael.	de mort. chron.
Cael.	de salut. praec.
Cael.	de sign. diaet. pass.
Cael.	de signif. diaet.
Cael.	de signif. diaet. pass.
Cael.	in Cic. ep.
Cael.	āur. acut.
Caelestin.	pap. epist.
Caes.	Arel.
Caes.	Arelat. epist.
Caes.	Germ. Arat.
Caes.	Germ. fr.
Caes.	Germ. phaen.
Caes.	German. Arat.
Caes.	German. phaen.
Caes.	German. phaen. 
Caes.	Germanic. prognost.
Caes.	ad virg.
Caes.	de metr.
Caes.	de metr. Hor.
Caes.	ep.
Caes.	in Anthol. Lat.
Caes.	in Cic. ep.
Caesar.	ad virg.
Cal.	de Athan.
Cal.	de Athanas.
Callistr.	dig.
Calp.	Fl. decl.
Calp.	Flacc. decl.
Calp.	decl.
Calp.	ecl.
Calp.	ed.
Capit.	Alb.
Capit.	Albin.
Capit.	Anton. Phil.
Capit.	Anton. phil.
Capit.	Claud. Albin.
Capit.	Clod. Albin.
Capit.	Get.
Capit.	Gord.
Capit.	Gord. iun.
Capit.	Gord. tr.
Capit.	Macr.
Capit.	Macrin.
Capit.	Maxim.
Capit.	Maxim. duob.
Capit.	Maxim. duor.
Capit.	Maxim. iun.
Capit.	Maximin.
Capit.	Maximin. duob.
Capit.	Maximin. iun.
Capit.	Opil. Macr.
Capit.	Opil. Macrin.
Capit.	Pert.
Capit.	Pertin.
Capit.	Port.
Capit.	Ver.
Capit.	in Maximin. duob.
Capit.	in Ver.
Capitol.	Albin.
Capitol.	Anton. phil.
Capitol.	Aur.
Capitol.	Gord.
Capitol.	Macr.
Capitol.	Max.
Capitol.	Maximin.
Capitol.	Maximin. iun.
Capitol.	Pert.
Capitol.	Pertin.
Capitol.	Ver.
Capitul.	reg. Franc. tom.
Carm.	conviv. Graec.
Carm.	de fig.
Carm.	de quib. urb.
Carm.	epig.
Carm.	epigr.
Casaub.	Pers.
Casaub.	Suet. Aug.
Casaub.	Suet. Caes.
Casin.	prol.
Casiod.	inst. div. litt.
Cass.	Fel.
Cass.	Hemin.
Cass.	Hemin. ann.
Cass.	Hemin. hist.
Cass.	conl. praef.
Cass.	de medic.
Cass.	ibid.
Cass.	in Cic. ep.
Cassian.	Nest.
Cassian.	coen. inst.
Cassian.	coenob. inst.
Cassian.	coenob. inst. praef.
Cassian.	coll.
Cassian.	coll. 
Cassian.	coll. patr.
Cassian.	collat.
Cassian.	collat. patr.
Cassian.	conl.
Cassian.	de coenob. inst.
Cassian.	de coenob. instit.
Cassian.	de inc. Chr.
Cassian.	de incarn.
Cassian.	de incarn. Chr.
Cassian.	de incarn. dom.
Cassian.	inc. Chr.
Cassian.	incarn.
Cassian.	incarn. Chr.
Cassian.	inst.
Cassian.	inst. coen.
Cassian.	instit.
Cassian.	instit. cen.
Cassiod.	Ios. antiqu.
Cassiod.	ad regin.
Cassiod.	arithm.
Cassiod.	compl.
Cassiod.	compl. act. apost.
Cassiod.	compl. apoc.
Cassiod.	complex. act. apost.
Cassiod.	de amic.
Cassiod.	de amic. prol.
Cassiod.	de anim.
Cassiod.	de arithm.
Cassiod.	de art. disc. lib.
Cassiod.	de art. gramm. in.
Cassiod.	de astron.
Cassiod.	de dial.
Cassiod.	de dialect.
Cassiod.	de inst. div. litt.
Cassiod.	de mus.
Cassiod.	de music.
Cassiod.	de or.
Cassiod.	de orat.
Cassiod.	de orthogr.
Cassiod.	de orthogr. praef.
Cassiod.	de orthogr. praef. extr.
Cassiod.	de rhet.
Cassiod.	de syllog.
Cassiod.	dial.
Cassiod.	div. inst.
Cassiod.	div. litt.
Cassiod.	geom.
Cassiod.	hist.
Cassiod.	hist. eccl.
Cassiod.	hist. eccl. trip.
Cassiod.	hist. eccles.
Cassiod.	hist. sacr.
Cassiod.	hist. trip.
Cassiod.	in Auct. class. tom.
Cassiod.	in apocal.
Cassiod.	in cant.
Cassiod.	in cant. cantic.
Cassiod.	in cantic.
Cassiod.	in psalm.
Cassiod.	in psalm. praef.
Cassiod.	in psalm. tom.
Cassiod.	in psalt.
Cassiod.	in psalt. praef.
Cassiod.	in psalt. praef. vol.
Cassiod.	inst. div.
Cassiod.	inst. div. lit.
Cassiod.	inst. div. litt.
Cassiod.	inst. div. litt. 
Cassiod.	inst. lib. litt.
Cassiod.	inst. saec. litt.
Cassiod.	instit. div. litt.
Cassiod.	orthogr.
Cassiod.	var.
Cassiod.	var. praef.
Castal.	Rutil. itin.
Cato.	inc. libr. fr.
Cellar.	Curt.
Cellar.	de mort. pers.
Cels.	Bd.
Cels.	dig.
Cels.	praef.
Cels.	prooem.
Cens.	fr.
Censor.	fr.
Censor.	fragm.
Censor.	frgm.
Censorin.	fr.
Censorin.	fragm.
Chalc.	Tim.
Chalc.	comm.
Chalcid.	Tim.
Chalcid.	Tim. 
Chalcid.	Tim. Vgl. Borrich. cogitatt.
Chalcid.	Tim. prooem.
Chalcid.	in Plat. Tim.
Chaldic.	Tim.
Charis.	exc.
Charis.	gr.
Choerob.	in Cramer. anecd. tom.
Chr.	Cic. Brut.
Chr.	Nep. Thras.
Chr.	Plaut. asin.
Chr.	nat.
Christ.	Vol. II.
Chronogr.	Momms.
Chrysol.	serm.
Cic.	Ac.
Cic.	Acad.
Cic.	Acad. II. fr.
Cic.	Acad. fr.
Cic.	Acad. fr. inc.
Cic.	Acad. lib.
Cic.	Acad. pr.
Cic.	Arat.
Cic.	Arat. fr. II.
Cic.	Arat. phaen.
Cic.	Arch.
Cic.	Balb.
Cic.	Brut.
Cic.	Brut. 
Cic.	Caecin.
Cic.	Caecin. 
Cic.	Cael.
Cic.	Caesin.
Cic.	Cat.
Cic.	Catil.
Cic.	Clod.
Cic.	Clu.
Cic.	Clu. 
Cic.	Cluent.
Cic.	Cornel.
Cic.	Dei.
Cic.	Deiot.
Cic.	Ecl.
Cic.	Flacc.
Cic.	Flacc. 
Cic.	Font.
Cic.	Font. fr.
Cic.	Hortens. fr.
Cic.	Hortens. fr. no.
Cic.	II. Verr.
Cic.	Lael.
Cic.	Lig.
Cic.	Manil.
Cic.	Marc.
Cic.	Mil.
Cic.	Mur.
Cic.	Mur. 
Cic.	Muren.
Cic.	Oecon. fr.
Cic.	Phii.
Cic.	Phil.
Cic.	Pis.
Cic.	Pis. 
Cic.	Pis. fr.
Cic.	Planc.
Cic.	Planc. 
Cic.	Poët. Tusc.
Cic.	Protag. fr.
Cic.	Quinct.
Cic.	Quinct. 
Cic.	Quint.
Cic.	Rab. Post.
Cic.	Rab. perd.
Cic.	Rab. post.
Cic.	Rab. post. 
Cic.	Rabir. Post.
Cic.	Rabir. perd.
Cic.	Rosc. Am.
Cic.	Rosc. Am. 
Cic.	Rosc. Amer.
Cic.	Rosc. com.
Cic.	Scaur.
Cic.	Scaur. fr.
Cic.	Sest.
Cic.	Sest. 
Cic.	Sex. Rosc.
Cic.	Sull.
Cic.	Tim.
Cic.	Tull.
Cic.	Tus.
Cic.	Tusc.
Cic.	Vat.
Cic.	Vatin.
Cic.	Verr.
Cic.	Vgl. Bünem. Lact.
Cic.	ad Att.
Cic.	ad Att. 
Cic.	ad Brut.
Cic.	ad Quir.
Cic.	ad. Att.
Cic.	agr.
Cic.	clu.
Cic.	consol. fr.
Cic.	de Liv.
Cic.	de Sen.
Cic.	de amic.
Cic.	de amic. 
Cic.	de consul. fr. inc.
Cic.	de div.
Cic.	de divin.
Cic.	de dom.
Cic.	de fat.
Cic.	de fin.
Cic.	de fin. exc. II.
Cic.	de glor.
Cic.	de har. resp.
Cic.	de harusp. resp.
Cic.	de imp. Cn. Pomp.
Cic.	de imp. Pomp.
Cic.	de imper. Pomp.
Cic.	de inv.
Cic.	de leeg.
Cic.	de leg. agr.
Cic.	de lege. agr.
Cic.	de legg.
Cic.	de nat.
Cic.	de nat. deor.
Cic.	de off.
Cic.	de opt. gen.
Cic.	de or.
Cic.	de orat.
Cic.	de pet.
Cic.	de pet. cons.
Cic.	de petit. cons.
Cic.	de prov. cons.
Cic.	de rep.
Cic.	de sen.
Cic.	de sen. 
Cic.	de tog. cand. fr.
Cic.	ecl.
Cic.	ep.
Cic.	ep. fr.
Cic.	ep. fragm.
Cic.	ep. sel.
Cic.	epist.
Cic.	fat.
Cic.	fr. epist.
Cic.	fr. inc.
Cic.	fragm.
Cic.	har. resp.
Cic.	in Anthol. Lat.
Cic.	in Caec.
Cic.	in Caecil.
Cic.	in Cic. ep.
Cic.	in Clod. fr.
Cic.	in Hier. ep.
Cic.	in Hieron. epist.
Cic.	in Pis.
Cic.	in tog. cand. fr.
Cic.	nat. deor.
Cic.	oec. fr.
Cic.	oecon. fr.
Cic.	off.
Cic.	or.
Cic.	or. 
Cic.	orat.
Cic.	oratt. commentariis. Haun.
Cic.	oratt. fr. inc.
Cic.	parad.
Cic.	parad. prooem.
Cic.	part. or.
Cic.	partit. or.
Cic.	pet. cons.
Cic.	petit. cons.
Cic.	poët. Tusc.
Cic.	poët. or.
Cic.	prov. cons.
Cic.	top.
Cic.	top. 
Cic.	top. lib.
Cic.	topic.
Cic.	tusc.
Cinciis.	Berol.
Cis.	Pis.
Cl.	Mam. genethl.
Cl.	Mam. grat. act.
Cl.	Mamert. grat. act. Iulian.
Cl.	Mamert. pan. Maxim.
Cl.	Mamert. pan. Maximin. Aug.
Cl.	Quadr. ann.
Cl.	Quadrig.
Cl.	Quadrig. ann.
Cl.	Sacerd.
Cl.	Sacerd. art. gr.
Cl.	Sacerd. art. gramm.
Cl.	de anim.
Cl.	de stat. anim.
Class.	Auct.
Class.	auct.
Class.	auct. VI.
Class.	auct. tom.
Class.	auct. vol.
Claud.	Eutr.
Claud.	Gigant.
Claud.	Gigantom.
Claud.	II. cons. Stil.
Claud.	III. cons. Hon.
Claud.	III. cons. Honor.
Claud.	III. cons. Stil.
Claud.	IV. cons. Hon.
Claud.	IV. cons. Hor.
Claud.	Mall. Theod. cons.
Claud.	Mam.
Claud.	Mam. epist.
Claud.	Mam. epist. praemiss. libr.
Claud.	Mam. genethl.
Claud.	Mam. genethl. Maxim.
Claud.	Mam. grat. act.
Claud.	Mam. pan.
Claud.	Mamert.
Claud.	Mamert. genethl. Maxim.
Claud.	Phoen.
Claud.	Quadr. ann.
Claud.	Quadr. fr.
Claud.	Quadrig. ann.
Claud.	Quadrig. ann. fr.
Claud.	Quadrig. ann. fr. inc.
Claud.	Quadrig. fr.
Claud.	Ruf.
Claud.	Sacerd.
Claud.	Saturn. dig.
Claud.	Saturnin. dig.
Claud.	VI. cons. Hon.
Claud.	VI. cons. Hon. praef.
Claud.	VI. cons. Honor.
Claud.	ad Iul.
Claud.	ad Iulian.
Claud.	ad Iustin.
Claud.	ad Ser.
Claud.	ad Seren.
Claud.	bell. Get.
Claud.	bell. Gild.
Claud.	cons. Mall.
Claud.	cons. Mall. Theod.
Claud.	cons. Stil.
Claud.	de Get. bell.
Claud.	de IV. cons. Hon.
Claud.	de Magnet.
Claud.	de Mall. Theod. cons.
Claud.	de Phoen.
Claud.	de VI. cons. Hon.
Claud.	de anim.
Claud.	de anim. praef.
Claud.	de bell. Get.
Claud.	de bell. Gild.
Claud.	de cons. Stil.
Claud.	de laud. Ser.
Claud.	de laud. Stil.
Claud.	de magn.
Claud.	de nupt. Hon.
Claud.	de stat. an.
Claud.	de stat. anim.
Claud.	de stat. anim. praef.
Claud.	edyll.
Claud.	eidyll.
Claud.	ep.
Claud.	epigr.
Claud.	epist.
Claud.	epith. Honor.
Claud.	fesc.
Claud.	gigant.
Claud.	gigantom.
Claud.	hystr.
Claud.	idyll.
Claud.	imp. orat. fr. col.
Claud.	in Eutr.
Claud.	in Eutrop.
Claud.	in Prob. et. Olyb.
Claud.	in Ruf.
Claud.	in Rufin.
Claud.	in Sidon. epist.
Claud.	in laud. Seren. reg.
Claud.	laud. Ser.
Claud.	laud. Seren.
Claud.	laud. Seren. reg.
Claud.	laud. Stil.
Claud.	nupt. Hon.
Claud.	nupt. Hon. et. Mar. fesc.
Claud.	or. fr. col.
Claud.	orat. col.
Claud.	rapt. Pros.
Claud.	rapt. Proserp.
Claudian.	Mam.
Claudian.	de anim.
Claudian.	de stat. anim.
Claudian.	epigr.
Cledon.	art. praef.
Cledon.	praef.
Clem.	ad Cor.
Cod.	Iust.
Cod.	Iustin.
Cod.	Theod.
Cod.	Theod. tit. sequ. libr.
Cod.	theod.
Coel.	Antip.
Coel.	Antip. fr. inc.
Col.	arb.
Col.	de arb.
Col.	poet.
Col.	poët.
Col.	praef.
Coll.	phil.
Collect.	phil.
Colum.	arb.
Colum.	de arb.
Colum.	poët.
Colum.	praef.
Com.	inc. fab. inc. 
Comic.	Rom. fr.
Comic.	Rom. fragm.
Comic.	fragm.
Comic.	inc. fr.
Comic.	pall. fr. inc.
Comic.	pall. inc. fr.
Comm.	apol.
Comm.	instr.
Comment.	Herod.
Comment.	diur. Aug.
Commentt.	Plaut.
Commod.	apol.
Commod.	inst.
Commod.	instr.
Commodian.	apol.
Commodian.	instr.
Comodian.	apol.
Comoed.	pall. inc.
Comp.	de div. fabr. archit.
Compar.	Augustin. epist.
Compar.	in Augustin. epist.
Compar.	in Sidon. epist.
Compend.	Vitr.
Compend.	Vitruv.
Coniect.	Plaut.
Consent.	art.
Consent.	de barb.
Consent.	gramm.
Consent.	in Augustin. epist.
Consol.	ad Liv.
Const.	Aug.
Constant.	Aug.
Constant.	imp.
Coripp.	Ioann.
Coripp.	Ioh.
Coripp.	Iohann.
Coripp.	Iust.
Coripp.	Iustin.
Coripp.	de laud. Iustin. iun.
Coripp.	in laud. Iustin. Aug. min.
Coripp.	laud. Iust.
Coripp.	laud. Iustin.
Coripp.	laud. Iustin. min.
Corn.	Nepot.
Cornel.	Gall.
Cornel.	fr.
Cornel.	no.
Cornel.	or.
Cornel.	orat.
Cornif.	met.
Cornif.	rhet.
Cornif.	rhet. Vgl. Casaub. Suet. Tib.
Corp.	Inscr. Lat.
Corp.	gloss.
Corp.	inacr. Lat.
Corp.	inscr.
Corp.	inscr. Etrusc.
Corp.	inscr. Lat.
Corp.	inscr. Lat. 
Corp.	inscr. Lat. II.
Corp.	inscr. Lat. III.
Corp.	inscr. Lat. Vol.
Corp.	inscr. Lat. vol.
Corp.	inscr. Latin.
Corp.	insicr. Lat.
Cresc.	Don.
Cresc.	Donat.
Crescon.	Donat.
Crescon.	gramm.
Ct.	Iustin.
Ct.	Symm. epist.
Ct.	in Iurispr. Anteiust.
Ctesias.	Heidelb.
Cur.	Fortunat. art. rhet.
Cur.	fr.
Cur.	urb. reg.
Curt.	Vgl. Drak. Liv.
Cypr.	Gall. gen.
Cypr.	act. proc.
Cypr.	ad Demedr.
Cypr.	ad Demetr.
Cypr.	ad Donat.
Cypr.	ad Fort. praef.
Cypr.	ad Fortun.
Cypr.	ad Fortunat.
Cypr.	adv. Iud.
Cypr.	carm.
Cypr.	de cath. eccl. unit.
Cypr.	de hab. virg.
Cypr.	de habit. virg.
Cypr.	de idol.
Cypr.	de idol. van.
Cypr.	de idol. vanit.
Cypr.	de iudic.
Cypr.	de laps.
Cypr.	de mort.
Cypr.	de sing. cler.
Cypr.	ep.
Cypr.	epist.
Cypr.	idol.
Cypr.	idol. van.
Cypr.	sent. episc.
Cypr.	sent. episc. no.
Cypr.	test.
Cypr.	testim.
Cyprian.	concil. Carthag.
Cyprian.	epist.
Dar.	Phryg.
Dat.	Papin. dig.
Decr.	decur. Caerel.
Deder.	Dict.
Delr.	Sen. Herc. Oet.
Detl.	Philol.
Dict.	Cret.
Dict.	prol.
Diog.	Laert.
Diom.	praef. extr.
Diom.	praef. in.
Dion.	Hal.
Dionys.	perieg.
Dioscor.	in Augustin. epist.
Doctr.	num.
Dolab.	in Cic. ep.
Dolabell.	in Cic. ep.
Donat.	Ter. Andr.
Donat.	Ter. Andr. prol.
Donat.	Ter. Hec.
Donat.	Ter. Phorm.
Donat.	Ter. Phorm. prol.
Donat.	Ter. adelph.
Donat.	Ter. adelph. prol.
Donat.	Ter. eun.
Donat.	Ter. eun. prol.
Donat.	Verg. Aen.
Donat.	ad Ter. Andr.
Donat.	ad Ter. Andr. prol.
Donat.	ad Ter. Phorm.
Donat.	ad Ter. Phorm. prol.
Donat.	ad Ter. adelph.
Donat.	ad Ter. argum. Andr. vol.
Donat.	ad Ter. eun.
Donat.	ad Verg. Aen.
Donat.	art. gr.
Donat.	art. gramm.
Donat.	de comoed.
Donat.	vit. Verg.
Donat.	vit. Vergil.
Dosith.	fab. Aesop.
Dr.	Charis.
Dr.	Colum.
Dracont.	carm.
Dracont.	carm. min.
Dracont.	carm. minor.
Dracont.	hexaëm.
Dracont.	hexaëm. epil.
Dracont.	sat.
Dracont.	satisf.
Drak.	Liv.
Drak.	Liv. epit.
Drak.	Sil.
Duhn.	in exod.
Eccl.	Cledon. art. rhet.
Eccl.	Corp. inscr. Lat.
Eccl.	Macr. sat.
Eccl.	Not. Tir.
Eccl.	Schol. Iuven.
Eccl.	Vgl. Anecd. Helv.
Eccl.	Vgl. Bünem. Lact.
Eccl.	Vgl. Charis.
Eccl.	Vgl. Gronov. Obss. eccl.
Eck.	Lugd. Bat.
Ecl.	Cic.
Edict.	Claud. lin.
Edict.	Diocl.
Edict.	Diocl. 
Edict.	Diocl. II. no.
Edict.	Diocl. praef.
Edict.	Diocl. prooem.
Edict.	Diocl. prooem. extr.
Edict.	Diocl. prooem. sect.
Edict.	Iustin.
Edict.	Theoderic. 
Edict.	Theodoric. reg.
Eleg.	Rom.
Eleg.	ad Maecen.
Elmenh.	Minuc. Fel.
Emend.	Liv.
Emendatt.	Fronton.
Emendatt.	Liv.
Emendatt.	Plaut.
Engelbr.	Claud. Mam.
Engelbr.	ad litt.
Enn.	Epich.
Enn.	ann.
Enn.	ann. 
Enn.	ans.
Enn.	com.
Enn.	epich.
Enn.	fr.
Enn.	fr. inc.
Enn.	fr. scen.
Enn.	fr. scen. 
Enn.	fr. sen.
Enn.	fr. var.
Enn.	frgm. var.
Enn.	hed.
Enn.	heduph.
Enn.	hedyphag.
Enn.	praet.
Enn.	sat.
Enn.	scen.
Enn.	tr.
Ennod.	carm.
Ennod.	de synod.
Ennod.	dict.
Ennod.	diction.
Ennod.	ep.
Ennod.	epist.
Ennod.	opusc. II.
Ennod.	vit. Epiphan.
Ephem.	epigr.
Epist.	pont. Felic.
Epit.	Iliad.
Epit.	Illiad.
Epit.	instit. Gai.
Epit.	nov.
Etrusker.	Bd.
Euang.	Palat. ed. Tischend. Luc.
Euanth.	de com.
Eucher.	instr.
Eucher.	intell. spirit.
Eugipp.	thesaur.
Eugipp.	vit. Sever.
Eugipp.	vit. Severin.
Eugipp.	vit. Severin. prol.
Eugraph.	Ter. Andr.
Eugraph.	Ter. heaut.
Eugraph.	ad Ter. heaut.
Eulog.	in Cic. somn. Scip.
Eulog.	in somn. Scip.
Eumen.	Constant.
Eumen.	ad Const.
Eumen.	ad Constant.
Eumen.	de rest. schol.
Eumen.	grat. acr.
Eumen.	grat. act.
Eumen.	grat. act. Constant.
Eumen.	pan.
Eumen.	pan. Const.
Eumen.	pan. Const. Caes.
Eumen.	pan. Constant.
Eumen.	pan. Constant. Aug.
Eumen.	pan. Constant. Caes.
Eumen.	pan. Constantin.
Eumen.	paneg. Const.
Euod.	in Augustin. ep.
Euseb.	chron. ol.
Euseb.	eccl. hist.
Eust.	hexaëm.
Eustath.	hex.
Eustath.	hexaëm.
Eut.	praef.
Eutych.	art.
Eutych.	art. gr.
Eutych.	gramm.
Eutych.	prooem.
Evod.	in Augustin. epist.
Exc.	Amm.
Exc.	Charis.
Exc.	Vales.
Exc.	Vales. Amm.
Exc.	Vitr.
Exc.	ad Verg. Aen.
Exc.	ex Charis.
Exc.	ex Charis. gr.
Excerpt.	art. rhet.
Excurs.	de fin.
Eyss.	Boëth. Aristot. anal.
Fab.	Max. fr.
Fab.	Pict.
Fab.	Pict. ap. Serv. Verg. georg.
Fab.	Victorin. art. rhet.
Facund.	defens.
Fast.	Maff.
Fast.	Maff. Iul.
Fast.	Praen. Apr.
Fast.	Praenest.
Fast.	ann. Iul. Arv. Oct.
Fast.	ann. Iul. Maff. fragm.
Fast.	ann. Iul. Praen. Mart.
Faust.	Manich.
Faust.	ad Imp.
Favon.	ad somn. Scip.
Firm.	Mat.
Firm.	de err.
Firm.	de err. prof. rel.
Firm.	de err. relig.
Firm.	de error. prof. rel.
Firm.	math.
Firm.	math. 
Firm.	math. praef.
Fittb.	Iustin.
Fl.	Varr. LL.
Flaviens.	nom. dict.
Flor.	Vergil. or. an. poët.
Flor.	praef.
Flor.	prooem.
Florent.	dig.
Florentin.	dig.
Flusses.	Plin.
Fort.	carm.
Fortun.	art. rhet.
Fortunat.	art.
Fortunat.	art. rhet.
Fr.	Auson. edyll.
Fr.	Boëth. inst. mus.
Fr.	Chalcid. Tim.
Fr.	Grom. vet.
Fr.	Gromat. vet.
Fr.	Isid.
Fr.	Isid. orig.
Fr.	Plin.
Fr.	Sidon. epist.
Fr.	Vat.
Fr.	de music.
Fr.	in psalm.
Fr.	in reg.
Fragm.	Bob.
Fragm.	Vat.
Fragm.	Vatic.
Fragm.	iur. Rom. Vatic.
Fragm.	iur. civ. anteiust.
Freinsh.	Flor.
Freinsh.	in Liv.
Frgm.	Vat.
Frgm.	iur. Rom. Vatic.
Frick.	Plin.
Front.	aqu.
Front.	strat.
Frontin.	Vgl. Oudend. Frontin. strat.
Frontin.	aqu.
Frontin.	de aqu.
Frontin.	de fer. Als.
Frontin.	fr.
Frontin.	strat.
Frontin.	strat. praef.
Frontin.	strat. praef. extr. Eutr.
Frontin.	strat. praef. libr.
Fronto.	Vgl. übh.
Fronton.	de fer. Als.
Fulg.	Myth.
Fulg.	Verg. cont.
Fulg.	Verg. contin.
Fulg.	Virg. cont.
Fulg.	Virg. contin.
Fulg.	act. mund.
Fulg.	ad Thras.
Fulg.	aet. mund.
Fulg.	cont. Verg.
Fulg.	contin. Verg.
Fulg.	contin. Vergil.
Fulg.	contin. Virg.
Fulg.	continent. Verg.
Fulg.	de aet. mund.
Fulg.	de contin. Verg.
Fulg.	de continent. Verg.
Fulg.	de expos. Verg. cont.
Fulg.	exp. serm. ant.
Fulg.	exp. serm. antiq.
Fulg.	exp. serm. antiqu.
Fulg.	expos.
Fulg.	expos. serm.
Fulg.	expos. serm. ant.
Fulg.	expos. serm. ant. 
Fulg.	mitol.
Fulg.	myth.
Fulg.	myth. lib.
Fulg.	myth. praef.
Fulg.	myth. prooem.
Fulg.	poët. Myth.
Fulg.	serm.
Fulg.	serm. ant.
Fulg.	serm. ant. no.
Fulg.	serm. antiqu.
Fulgent.	contin. Verg.
Fulgent.	contin. Virgil.
Fulgent.	continent. Verg.
Fulgent.	continent. Virg.
Fulgent.	mitol.
Fulgent.	myth.
Fulgent.	serm. ant.
Gall.	eleg. fr.
Gall.	fr.
Gardth.	vol.
Garet.	Corp. inscr. Lat.
Garet.	Isid.
Garet.	Vgl. Isid. orig.
Garet.	in Cic. top. lib.
Garg.	de arb. pom.
Garg.	de persic.
Garg.	de virt. herb.
Gargil.	Mart. med.
Gargil.	Mart. medic.
Gargil.	Mart. medic. extr.
Gargil.	de arb. pomif.
Gargil.	de arb. pornif.
Gargil.	de arbor. pomif.
Gargil.	de medic.
Gargil.	de pom.
Gargil.	de virt. herb.
Gargil.	ex pom.
Gaud.	Don.
Gaud.	Donat.
Gaudent.	serm.
Gelas.	epist.
Gell.	pr.
Gell.	praef.
Gell.	prooem.
Genet.	Atteos. Sen. Agam.
Genet.	Mart. Cap.
Genet.	Tigris. Plin.
Genn.	vir. ill.
Gennad.	de script. eccl.
Gennad.	de vir. ill.
Gennad.	de vir. illustr.
Gennad.	vir. ill.
Geogr.	Rav.
Geogr.	Ravenn.
Germ.	Arat.
Germ.	Arat. 
German.	Arat.
Germanic.	Arat.
Gernh.	Cic. Lael.
Gernh.	de off.
Gernh.	de sen.
Gesch.	Roms. Bd.
Ggstz.	edentulus. Mart. Cap.
Glomat.	vet.
Gloss.	II.
Gloss.	Ital.
Gloss.	Nom.
Gloss.	Paris.
Gloss.	Paris. no.
Gloss.	in Sidon.
Gloss.	nom.
Gloss.	nomin.
Godofr.	Cod. Theod.
Goetz.	Lucr.
Goth.	Cic. Scaur.
Gothofr.	Cod. Theod.
Gothofr.	Cod. Theod. tom.
Gramm.	Vat.
Gramm.	Vatic.
Gramm.	de adv.
Gramm.	de dub. nom.
Gramm.	de gen.
Gramm.	de gener. nom.
Gramm.	de idiom. gen.
Gramm.	de interiect.
Gramm.	de nom.
Gramm.	de praepos.
Gramm.	in Anal. gramm.
Gramm.	vet.
Gran.	Lic. lib.
Gran.	Licin.
Gran.	Licin. lib.
Grat.	cyn.
Gratt.	cyn.
Gratt.	cyn. 
Greg.	Tur. Iul.
Greg.	Tur. Mart.
Greg.	Tur. glor. conf.
Greg.	Tur. hist. Franc.
Greg.	Tur. lib. vit. patr.
Greg.	de curs. eccl.
Greg.	de curs. stell.
Greg.	de glor. conf.
Greg.	de glor. mart.
Greg.	dial.
Greg.	ep.
Greg.	epist.
Greg.	hist. Franc.
Greg.	in Tob.
Greg.	in cant.
Greg.	in evang.
Greg.	in glor. mart.
Greg.	lib. sacr. no.
Greg.	reg. past.
Gregor.	Epist.
Gregor.	Tur. conf.
Gregor.	Tur. hist. Franc.
Gregor.	Tur. vit. patr.
Gregor.	Turon. vit. patr.
Gregor.	de curs. stell.
Gregor.	de vit. patr.
Gregor.	dial.
Gregor.	ep.
Gregor.	epist.
Gregor.	hist. Franc.
Gregor.	in Tob.
Gregor.	in glor. conf.
Gregor.	in glor. mart.
Gregor.	reg. past.
Grill.	de inv.
Grill.	rhet.
Grom.	vet.
Gromat.	vet.
Grommat.	vet.
Gronov.	Liv.
Gronov.	Observ.
Gronov.	Obss.
Gronov.	observ.
Gronov.	observv.
Gronov.	obss.
Gruter.	inscr.
Guil.	Henzen. Berol.
Hagen.	Isid. orig.
Halm.	Cic. poët. Tusc.
Halm.	Corp. inscr. Lat.
Halm.	Isid. orig.
Halm.	Iul. Vict. art. rhet.
Halm.	Serv. Verg. Aen.
Halm.	Suet. Aug.
Halm.	Tac. ann.
Halm.	de not. aspir.
Hauptst.	Liv.
Hauptst.	Plin.
Haverc.	Tert. apol.
Haverk.	Tert. apol.
Hdschrn.	Apul. met.
Hebr.	ap. locum.
Heerw.	Liv.
Heges.	de bell. Iud.
Heind.	Hor. sat.
Heinr.	Iuven.
Heins.	Ov. fast.
Heins.	Val. Flacc.
Helm.	de err. prof. rel.
Helm.	in exod.
Herc.	Oct.
Herc.	Oet.
Herkules.	Verg. Aen.
Herm.	Past.
Herm.	past.
Herm.	tom.
Hermog.	dig.
Hertz.	Sulp. Sev. ep. dub.
Hertzb.	Prop.
Hesiod.	op.
Hessel.	Arnob.
Heus.	de off.
Hier.	Ephes.
Hier.	Galat.
Hier.	Ruf.
Hier.	ad Ol.
Hier.	adv. Ioann. Hierosol.
Hier.	adv. Iov.
Hier.	adv. Iovin.
Hier.	adv. Lucif.
Hier.	adv. Pelag.
Hier.	adv. Rufin.
Hier.	chron. Euseb. Ol.
Hier.	comm.
Hier.	de spir. sanct.
Hier.	de vir. ill.
Hier.	de vir. illustr.
Hier.	ep.
Hier.	epist.
Hier.	in Augustin. ep.
Hier.	in Dan.
Hier.	in Ezech.
Hier.	in Habac.
Hier.	in Ierem.
Hier.	in Ies.
Hier.	in Iesai.
Hier.	in Isai.
Hier.	in Luc.
Hier.	in Matth.
Hier.	in Phil.
Hier.	in Philem.
Hier.	in Ruf.
Hier.	in Rufin.
Hier.	in eccl.
Hier.	in gen.
Hier.	in genes.
Hier.	in psalm.
Hier.	lib.
Hier.	reg. Pachom.
Hier.	vir. ill.
Hieron.	Euseb. chron.
Hieron.	Euseb. chron. prooem.
Hieron.	Ezech.
Hieron.	Galat.
Hieron.	Iesai.
Hieron.	Isai.
Hieron.	Matth.
Hieron.	ad Ephes.
Hieron.	ad Euseb. chron. lib.
Hieron.	ad Eust. ep.
Hieron.	ad Eustoch.
Hieron.	ad Galat.
Hieron.	ad Galat. lib.
Hieron.	ad Iovin.
Hieron.	ad Philem.
Hieron.	ad Rufin.
Hieron.	ad Tit.
Hieron.	ad ann. Chr.
Hieron.	ad olymp.
Hieron.	adv. Helvid.
Hieron.	adv. Io. Hierosol. no.
Hieron.	adv. Ioann. Hieros.
Hieron.	adv. Ioh. Hieros.
Hieron.	adv. Iov.
Hieron.	adv. Iovin.
Hieron.	adv. Iovinian. II.
Hieron.	adv. Luciferian.
Hieron.	adv. Pelag.
Hieron.	adv. Ruf.
Hieron.	adv. Rufin.
Hieron.	adv. Vigil.
Hieron.	adv. Vigil. no.
Hieron.	adv. lovin.
Hieron.	cant. cantic. homil.
Hieron.	chron.
Hieron.	de interpr. nom. Hebr. tom.
Hieron.	de mor. eccl. cath.
Hieron.	de perp. virg. Mar.
Hieron.	de spir. sanct.
Hieron.	de spir. scto.
Hieron.	de trin.
Hieron.	de vir. ill.
Hieron.	ep.
Hieron.	epist.
Hieron.	epitaph. Nepot. tom.
Hieron.	hexaëm.
Hieron.	homil.
Hieron.	in Augustin. epist.
Hieron.	in Ephes.
Hieron.	in Ezech.
Hieron.	in Ezech. hom.
Hieron.	in Ezech. homil.
Hieron.	in Galat.
Hieron.	in Helv.
Hieron.	in Helvid.
Hieron.	in Helvid. no.
Hieron.	in Ier.
Hieron.	in Ierem.
Hieron.	in Ioann. Hierosol. no.
Hieron.	in Ion.
Hieron.	in Iov.
Hieron.	in Iovin.
Hieron.	in Ioël.
Hieron.	in Isai.
Hieron.	in Isai. lib.
Hieron.	in Isai. praef.
Hieron.	in Isai. prolog. in. tom.
Hieron.	in Matth.
Hieron.	in Matth. lib.
Hieron.	in Mich.
Hieron.	in Os.
Hieron.	in Ruf.
Hieron.	in Rufin.
Hieron.	in Sophon.
Hieron.	in Tit.
Hieron.	in cant.
Hieron.	in eccl.
Hieron.	in eccles.
Hieron.	in eccles. tom.
Hieron.	in genes.
Hieron.	in psalm.
Hieron.	no.
Hieron.	paralip.
Hieron.	reg. Pachom.
Hieron.	vir. ill.
Hieron.	vir. ill. 
Hieron.	vit. Hil.
Hieron.	vit. Hil. no.
Hieron.	vit. Hilar.
Hieron.	vit. Hilarion.
Hieron.	vit. Malch.
Hieron.	vit. Paul. erem.
Hieron.	vit. Paulin.
Hilar.	ad Galat.
Hilar.	de evang.
Hilar.	de mund. durat.
Hilar.	de synod.
Hilar.	de trin.
Hilar.	in Augustin. ep.
Hilar.	in gen.
Hilar.	in genes.
Hilar.	in psalm.
Hilar.	op. hist. fr.
Hilar.	trinit.
Hildebr.	Apul.
Hildebr.	Apul. apol.
Hildebr.	Apul. flor.
Hildebr.	Apul. met.
Hildebr.	Apul. met. 
Hildebr.	Arnob.
Hildebr.	od. tom.
Hisp.	latin.
Hist.	Apollon.
Hist.	Apollon. reg.
Hist.	Synt. Bd.
Histor.	Synt. Bd.
Hom.	II.
Hom.	Il.
Hom.	Od.
Honor.	cosmogr.
Honor.	in Symm.epist.
Hor.	Vgl. Nipperd. Nep. Cat.
Hor.	art. poët.
Hor.	carm.
Hor.	carm. 
Hor.	carm. saec.
Hor.	carm. saecul.
Hor.	de art. poet.
Hor.	de art. poët.
Hor.	de art. poët. 
Hor.	ep.
Hor.	ep. 
Hor.	epist.
Hor.	epod.
Hor.	sat.
Hor.	serm.
Hyg.	astr.
Hyg.	astr. praef.
Hyg.	de castr. munit.
Hyg.	de mun. castr.
Hyg.	de munit. castr.
Hyg.	de munit. castr. 
Hyg.	fab.
Hyg.	fab. 
Hyg.	fab. praef.
Hyg.	fab. praef. in.
Hyg.	fab. praef. in. Verg. Aen.
Hyg.	fab. prooem.
Hyg.	poët. astr.
Hyg.	poët. astr. praef.
Hygin.	astr.
Hygin.	de limit.
Hygin.	de mun. castr.
Hygin.	de mund.
Hygin.	de munit. castr.
Hygin.	fab.
Iavol.	dig.
Iavolen.	dig.
Ieep.	Plin.
Ign.	ad Ephes.
Ignat.	ad Magnes.
Ignat.	ad Polycarp.
Ignat.	ad Smyrn.
Ihm.	Auct. Testam. porc. lin.
Ihm.	Cael. Aur. chron.
Ihm.	Iul. Val.
Ihm.	Ps. Apul. herb.
Ihm.	Veget. mul.
Ihm.	ex Fest.
Iliad.	praef. Mart. Cap.
Inc.	ad Donat.
Inc.	art. gramm. fr.
Inc.	pan. Const.
Inc.	pan. Constant. Aug.
Incert.	pan. Const. Caes.
Ind.	lect. Berol.
Ind.	lect. aestiv. Vratisl.
Ind.	lectt. Vrat.
Infin.	Plaut. Bacch.
Infin.	Ter. eun.
Innoc.	in Augustin. epist.
Inscr.	Christ. Vol. II.
Inscr.	Helv.
Inscr.	Rhen.
Inscr.	Rhen. Bramb.
Inscr.	Vgl. Nipperd. Tac. ann.
Inscr.	ap. Burm. Anthol. Lat.
Inscr.	ap. Marin. papir. dipl.
Inscr.	christ. Murat.
Inscr.	in Anthol. Lat.
Inscr.	in Gromat. vet.
Inscr.	in Nov. Collect. tom.
Instit.	Iust.
Instit.	Iustin.
Interpr.	Cod. Theod.
Interpr.	Iren.
Interpr.	Iren. praef.
Interpr.	Vergil. Aen.
Interpr.	ad Cod. Theod.
Interpr.	ad Paul. sent.
Interpr.	ad Smyrn.
Interpr.	ad Verg. Aen.
Interpr.	ad Verg. georg.
Interpr.	in Ezech.
Interpr.	in Isai. homil.
Interpr.	in Levit. hom.
Interpr.	in Levit. homil.
Interpr.	in Matth.
Interpr.	in Matth. 
Interpr.	in Matth. comm.
Interpr.	in psalm.
Interpret.	Iren.
Interpret.	deuter.
Ioann.	Hieros. no.
Ioann.	ad Parth.
Ioann.	tract.
Iord.	Getic.
Iordan.	Get.
Iordan.	get.
Isid.	Orig.
Isid.	Regul. Monach.
Isid.	de diff.
Isid.	de diff. verb. no.
Isid.	de eccl. off.
Isid.	de nat. rer.
Isid.	de off. eccl.
Isid.	de ord. creat.
Isid.	de ord. nat.
Isid.	de vir. ill.
Isid.	diff.
Isid.	eccl. off.
Isid.	ep.
Isid.	epist.
Isid.	in Levit.
Isid.	in exod.
Isid.	in genes.
Isid.	in levit.
Isid.	lib. numer.
Isid.	ong.
Isid.	ord. creat.
Isid.	ord. nat.
Isid.	orig.
Isid.	reg. mon.
Isid.	reg. monach.
Isid.	regul. monach.
Isid.	sent.
Isidor.	orig.
It.	Anton.
Ital.	Ierem.
Itin.	Alex.
Itin.	Alex. praef.
Itin.	Ant.
Itin.	Anton.
Itin.	Anton. 
Itin.	Aton.
Itin.	Hieros.
Itin.	Hierosolym.
Itin.	Silv.
Itiner.	Alex.
Itiner.	Anton.
Iul.	Antec. constit.
Iul.	Callist.
Iul.	Epit. nov.
Iul.	Firm. math.
Iul.	Firm. math. praef.
Iul.	Genet. tab.
Iul.	Obs.
Iul.	Obseq.
Iul.	Obsequ.
Iul.	Obsequ. Vgl. Burm. Ov. fast.
Iul.	Pelag.
Iul.	Pelagon.
Iul.	Strab. tr.
Iul.	Val.
Iul.	Valer.
Iul.	Vict.
Iul.	Vict. art.
Iul.	Vict. art. rhet.
Iul.	Vict. rhet.
Iul.	Victor. art. rhet.
Iul.	de art. rhet.
Iul.	de err. prof. rel.
Iul.	de fig. sent.
Iul.	de schem. dian.
Iul.	de schem. lex.
Iul.	epit. nov.
Iul.	in Plin. ep.
Iul.	op. imperf.
Iulian.	Antec. const.
Iulian.	Antec. constit.
Iulian.	Pelag.
Iulian.	antec. const.
Iulian.	dig.
Iulian.	epit.
Iulian.	epit. nov.
Iulian.	in Donat.
Iunior.	descr. orb.
Iunior.	orb. descr.
Iunior.	phil. orb. descr.
Iust.	conf. dig.
Iust.	instit.
Iust.	nov.
Iust.	novell.
Iustin.	Vgl.
Iustin.	ad antec.
Iustin.	dig. praef.
Iustin.	edict.
Iustin.	epit. nov.
Iustin.	inst.
Iustin.	instit.
Iustin.	lib.
Iustin.	nov.
Iustin.	novell.
Iustin.	praef.
Iustinian.	ad antec.
Iustinian.	de conc. dig.
Iustinian.	ep. praef. dig.
Iustinian.	inst.
Iustinian.	instit.
Iustinian.	nov.
Iustinian.	praef.
Iustinian.	praef. novell.
Iuven.	sat.
Iuvenc.	de bapt. Chr.
Iuvenc.	hist. sacr.
Iuvenc.	in Levit.
Iuvenc.	in Matth.
Iuvenc.	in exod.
Iuvenc.	in levit. etc.
Iuvenc.	prol.
Iuvenc.	prooem.
Iuvenc.	sel. frgm.
Iuvent.	com. fr.
Jahrg.	no.
Jord.	Rom.
Jordan.	Plaut. Epid.
Juret.	Symm. epist.
Kays.	od.
Kellerm.	vig. Rom. lat.
Kellerm.	vigil. Rom. laterc. no.
Klotz.	Mar. Victorin. art. gr.
Klotz.	Not. Tir.
Klotz.	ad Ter. Andr.
Koch.	Suet. Aug.
Konj.	Cic. Tusc.
Konj.	Plin. pan.
Kr.	Amm.
Kr.	Arnob.
Kr.	Augustin. serm.
Kr.	Auson. edyll.
Kr.	Boëth. inst. arithm.
Kr.	Cael. Aur. acut.
Kr.	Chalcid. Tim.
Kr.	Corp. inscr. Lat.
Kr.	Diom.
Kr.	Firm. math.
Kr.	Gromat. vet.
Kr.	Hieron. epist.
Kr.	Hor. sat.
Kr.	Hyg. astr.
Kr.	Macr. somn. Scip.
Kr.	Mart. Cap.
Kr.	Not. Tir.
Kr.	Porphyr. Hor. carm.
Kr.	Ps. Apul. herb.
Kr.	Suet. Dom.
Kr.	Vgl. Diom.
Kr.	Vulg. exod.
Kr.	in genes.
Kr.	od.
Kultus.	Aufl.
Kypros.	Berl.
Laber.	com.
Laber.	com. 
Laber.	com. inc. fab.
Lachm.	Lucr.
Lachm.	Prop.
Lact.	Mythogr. Lat.
Lact.	Phoen.
Lact.	Plac. Stat. Theb.
Lact.	Plac. fab.
Lact.	Plac. narr. fab.
Lact.	Plac. narr. fab. lib.
Lact.	Placid.
Lact.	Placid. argum. Ovid. met. lib.
Lact.	Placid. fab.
Lact.	Stat. Theb.
Lact.	Vgl. Bünem. Lact.
Lact.	ad Stat. Theb.
Lact.	de Phoen.
Lact.	de mort. pere.
Lact.	de mort. pers.
Lact.	de mort. persec.
Lact.	de opif.
Lact.	div. inst.
Lact.	epit.
Lact.	fab.
Lact.	inst.
Ladew.	Verg. Aen.
Laev.	erotop. fr.
Laev.	fr.
Lagergr.	Plin. ep.
Lampc.	Alex. Sev.
Lampr.	Al. Sev.
Lampr.	Alex.
Lampr.	Alex. Sev.
Lampr.	Alex. Sex.
Lampr.	Anton. Diad.
Lampr.	Bonos.
Lampr.	Comm.
Lampr.	Comm. Anton.
Lampr.	Commm.
Lampr.	Commod.
Lampr.	Diad.
Lampr.	Diadum.
Lampr.	Hel.
Lampr.	Helig.
Lampr.	Heliog.
Lampr.	Heliogr.
Lampr.	Pertin.
Lamprid.	Heliog.
Lat.	Reliqu.
Lat.	min. Vol.
Lat.	min. ed. Wernsd.
Lat.	min. ed. Wernsdorf. tom.
Lat.	min. tom.
Latin.	scriptt. hist. Aug. melet.
Laur.	de mens.
Lectt.	Tull.
Leg.	Rom. Burg.
Legg.	XII. tabb. rell.
Lentul.	in Cic. ep.
Leo.	Calp. ecl.
Leo.	Corp. inscr. Lat.
Leo.	Stat. silv.
Leo.	Vulg. Matth.
Lepid.	in Cic. ep.
Levit.	no.
Lex.	Cic. Tom.
Lex.	Technol. Lat. rhet.
Lex.	technol. Latin. rhet.
Lexic.	Tac.
Lexic.	techn. Lat. rhet.
Liberat.	brev.
Licent.	carm.
Licent.	in Augustin. epist.
Licin.	Rufin. dig.
Licin.	com.
Licin.	in Augustin. epist.
Lindem.	Plaut. capt.
Lindem.	Plaut. trin.
Lindenbr.	Amm.
Lindsay.	Ennod. vit. Epiphan.
Lion.	Gromat. vet.
Liv.	Andr.
Liv.	Andr. Odyss.
Liv.	Andr. Odyss. fr.
Liv.	Andr. com.
Liv.	Andr. tr.
Liv.	Andr. tr. 
Liv.	Andr. tr. fr.
Liv.	Andron. tr.
Liv.	Vgl. Drak. Liv.
Liv.	Vgl. Weißenb. Liv.
Liv.	Vindob.
Liv.	ep.
Liv.	epit.
Liv.	fr.
Liv.	fr. lib.
Liv.	fr. libr.
Liv.	lib.
Liv.	praef.
Loewe.	Corp. inscr. Lat.
Longai.	Varr. LL.
Longin.	in Augustin. epist.
Lor.	Cic. Mil.
Lor.	Plaut. Pseud.
Luccei.	in Cic. ep.
Lucif.	Athan.
Lucif.	moriend.
Lucil.	fr.
Lucil.	fr. inc.
Lucil.	rel.
Lucil.	sat.
Lucil.	sat. fr.
Lucil.	sat. fr. inc.
Lucil.	sat. fr. inc. 
Lucil.	sat. inc.
Lugd.	Bat.
Lugd.	Carm. epigr.
Lyd.	de magistr.
Macr.	Emp.
Macr.	Somn. Scip.
Macr.	de diff.
Macr.	de diff. etc.
Macr.	dig.
Macr.	exc. Bob.
Macr.	sat.
Macr.	sat. pr.
Macr.	sat. praef.
Macr.	som. Scip.
Macr.	somm. Scip.
Macr.	somn. Scip.
Macr.	somn. Scip. 
Macrin.	dig.
Macrob.	de diff.
Macrob.	sat.
Madv.	de fin.
Maecen.	carm. fr.
Maecen.	in Sen. ep.
Mai.	Cassian. coll.
Mai.	Cassiod. var.
Mai.	Corp. inscr. Lat.
Mai.	Ennod. epist.
Mai.	Gennad. vir. ill.
Mai.	Interpr. Iren.
Mai.	Ps. Augustin. serm. app.
Mai.	Sidon. epist.
Mai.	Vgl. Not. Tir.
Mai.	in psalm.
Mall.	Theod.
Mall.	Theod. cons.
Mall.	de metr.
Mam.	de stat. anim.
Mamert.	Grat. act.
Mamert.	II. paneg.
Mamert.	Iulian.
Mamert.	de stat. anim.
Mamert.	genethl. Maxim.
Mamert.	grat. act.
Mamert.	grat. act. Iul.
Mamert.	grat. act. Iulian.
Mamert.	in Iul.
Mamert.	pan. Iulian.
Mamert.	pan. Maxim.
Mamil.	in Gromat. vet.
Manut.	Cic. Rab. Post.
Manut.	Cic. ep.
Mar.	Merc. subn.
Mar.	Merc. subnot.
Mar.	Mercat.
Mar.	Mercat. subnot.
Mar.	Plot.
Mar.	Plot. Sacerd.
Mar.	Vict.
Mar.	Vict. art. gr.
Mar.	Victor.
Mar.	Victor. art. gr.
Mar.	Victorin.
Mar.	Victorin. art. gr.
Mar.	Victorin. art. gramm.
Mar.	ad Iustin. Manich.
Mar.	de gen. div. verb.
Mar.	de gen. verb.
Mar.	de metr.
Mar.	de phys.
Mar.	fesc.
Mar.	fescenn.
Mar.	in II. rhet. Cic.
Mar.	in rhet. Cic.
Marc.	Aurel. comment.
Marc.	Caes.
Marc.	Emp.
Marc.	Emp. 
Marc.	Emp. carm.
Marc.	Emp. epist. Hippocr. alt. fol.
Marc.	Emp. fol.
Marc.	Emp. praef.
Marc.	Empir.
Marc.	ad Front.
Marc.	de agric. fr.
Marc.	de diff.
Marc.	de medic.
Marc.	de medic. fr.
Marc.	dig.
Marc.	fil. fr.
Marc.	med.
Marc.	sat.
Marcell.	dig.
Marcellin.	ad Augustin. epist.
Marcian.	dig.
Marin.	fratr. arv.
Mart.	Cap.
Mart.	Cap. poët.
Mart.	Capell.
Mart.	Capt.
Mart.	de arb. pomif.
Mart.	de spect.
Mart.	epigr.
Mart.	epist. lib.
Mart.	praef.
Mart.	spect.
Martian.	dig.
Martianay.	Th. Prisc.
Martyr.	Sulp. Sev. dial.
Mat.	fr.
Mat.	in Cic. ep.
Matth.	quaest.
Maurin.	col.
Max.	Victor.
Max.	Victorin.
Max.	de metr.
Max.	de rat. metr.
Maxim.	in Augustin. ep.
Maximian.	eleg.
Men.	argum.
Men.	prol.
Menipp.	Reliq.
Meteol.	script.
Metrol.	Scriptt.
Metrol.	scr. ed. Hultsch.
Metrol.	scrippt. Lat.
Metrol.	scriptt.
Metrol.	scriptt. Lat.
Metrol.	scriptt. Lat. vol.
Migne.	Gromat. vet.
Min.	Fel.
Min.	Fel. Oct.
Minuc.	Fel.
Minuc.	Fel. Oct.
Misc.	Lat.
Miscell.	Lat.
Miscell.	Lat. part.
Miscell.	Latinit.
Mitscherl.	Hor. carm.
Moddaloni.	Liv.
Modest.	dig.
Modestin.	dig.
Moment.	leg.
Mon.	Liv. Aug.
Monum.	Anc.
Monum.	Ancyr.
Monum.	Ancyr. tab.
Muell.	not. cr. Plin.
Murat.	inscr.
Murat.	inscr. Christ.
Muret.	Opp. vol.
Muret.	op. vol.
Mussa.	Verg. Aen.
Mutusci.	Plin.
Myth.	Lat.
Mythogr.	Lat.
Mythogr.	Vatic.
Mythogr.	lat.
Mythrogr.	Lat.
Naev.	Pac. inc. fab. LX. Enn. tr.
Naev.	bell. Pun.
Naev.	bell. Pun. fr. inc.
Naev.	bell. Pun. fr. inc. II.
Naev.	bell. Pun. lib.
Naev.	bell. Punic.
Naev.	bell. Punic. inc. libr. fr.
Naev.	bell. Punic. lib.
Naev.	com.
Naev.	fr. bell. Pun.
Naev.	rell.
Naev.	tr.
Naev.	tr. 
Nazar.	pan.
Nazar.	pan. Const.
Nazar.	pan. Constant.
Nebrid.	in Augustin. epist.
Nemes.	cyn.
Nemes.	de aucup.
Nemes.	ecl.
Nep.	Ag.
Nep.	Ages.
Nep.	Alc.
Nep.	Alcib.
Nep.	Arist.
Nep.	Att.
Nep.	Cat.
Nep.	Chabr.
Nep.	Cim.
Nep.	Con.
Nep.	Dat.
Nep.	Dion.
Nep.	Ep.
Nep.	Epam.
Nep.	Eum.
Nep.	Ham.
Nep.	Hamilc.
Nep.	Hann.
Nep.	Iph.
Nep.	Iphicr.
Nep.	Lys.
Nep.	Milit.
Nep.	Milt.
Nep.	Paus.
Nep.	Pel.
Nep.	Pelop.
Nep.	Phoc.
Nep.	Them.
Nep.	Thimoth.
Nep.	Thras.
Nep.	Tim.
Nep.	Timol.
Nep.	Timoth.
Nep.	Vgl. Nipperd. Nep. Lys.
Nep.	de regg.
Nep.	fr.
Nep.	praef.
Nep.	reg.
Nep.	regg.
Nepot.	epit.
Nepot.	epit. Val. Max.
Nerat.	dig.
Nicet.	symb. fr.
Nipp.	Nep. Ages.
Nipp.	Nep. Thras.
Nipp.	Quaest. Caes.
Nipp.	Tac. ann.
Nipperd.	Nep. Eum.
Nipperd.	Nep. praef.
Nipperd.	Quaest. Caes.
Nipperd.	Quaestt. Caesar.
Nipperd.	Tac. ann.
Nipperd.	ad Caes.
Nipperd.	in Corn. Nep.
Nom.	Gell.
Nom.	Sing. tonitrus. Plaut. Amph.
Nom.	Tibull.
Nomin.	Sing. Tac. hist.
Not.	Bern.
Not.	Tir.
Not.	Tir. 
Not.	Tiron.
Not.	Vatic.
Not.	ad Cic. Tusc.
Not.	dign. occ.
Not.	dign. occid.
Not.	dign. or.
Not.	dign. orient.
Notit.	dign. occid.
Notit.	dign. or.
Notit.	dign. orient.
Notit.	dign. vol.
Notit.	dignit. orient.
Notit.	dignit. vol.
Notit.	imp. occid.
Nov.	Act. Acad. Nat. Curios. VI.
Nov.	Theod.
Nov.	Val.
Nov.	com.
Nov.	com. 
Nov.	de curial.
Nov.	patr. biblioth. tom.
Nov.	patr. collect. tom.
Novat.	de trin.
Novell.	Iust.
Novell.	Iustin.
Novell.	de curial.
Obbar.	Hor. ep.
Obbar.	Prud. psych.
Obbar.	Ven. Fort. carm.
Oberl.	Ov. met.
Oberl.	Verg. Aen.
Observv.	crit.
Observv.	eccl.
Observv.	in Rutil. Namat.
Obss.	in Eccl.
Obss.	in Petr.
Odyss.	prooem.
Oehl.	Veget. mul.
Oehler.	Vgl. Fest.
Ofil.	de pul.
Ol.	cons.
Olybr.	cons.
Onamast.	Tull.
Onomast.	Cic.
Onomast.	Tull.
Opil.	Macrin.
Oppian.	cyn.
Optat.	app.
Optat.	carm.
Optat.	de schism. Donat.
Optat.	schism. Donat.
Or.	Gregor. epist.
Orat.	Claud. col.
Orat.	Rom. fr.
Orb.	descr.
Orell.	Drak. Liv.
Orell.	inscr.
Orest.	tr.
Orest.	trag.
Orib.	eupor.
Orib.	fr. Bern.
Oribas.	fr.
Oribas.	fr. Bern.
Oribas.	fragm. Bern.
Oribas.	frgm. Bern.
Oribas.	syn.
Oribos.	fr. Bern.
Orig.	in Lev. hom.
Oros.	apol.
Oros.	de libert. arbitr.
Oros.	lib. apol.
Oros.	prol.
Orthogr.	Verg.
Orthogr.	Vergil.
Osann.	Lact.
Osenbr.	Cic. Rosc. Am.
Ossismi.	Plin.
Oud.	Suet. Vesp.
Oud.	in Cic. ep.
Oudend.	Apul.
Oudend.	Apul. met.
Oudend.	Frontin.
Oudend.	Frontin. strat.
Oudend.	Lucan.
Oudend.	Suet. Aug.
Oudend.	Suet. Tib.
Oudend.	Suet. Tit.
Oudend.	ad Cic. ep.
Ov.	Fast.
Ov.	Ib.
Ov.	Ib. 
Ov.	Iv.
Ov.	Vgl. Bünem. Lact.
Ov.	Vgl. Nipperd. Tac. ann.
Ov.	Vgl. übh. Drak. Sil.
Ov.	am.
Ov.	amor.
Ov.	art. am.
Ov.	epist.
Ov.	ex Fest.
Ov.	ex Pont.
Ov.	ex Pont. 
Ov.	ex. Pont.
Ov.	fast.
Ov.	hal.
Ov.	her.
Ov.	med. fac.
Ov.	medic. fac.
Ov.	medic. fac. fem.
Ov.	met.
Ov.	met. 
Ov.	mot.
Ov.	nuc.
Ov.	rem.
Ov.	rem. am.
Ov.	trist.
Ov.	trist. 
Ovid.	Ov. am.
Pac.	tr.
Pacat.	pan.
Pacat.	pan. Theod.
Pach.	no.
Pachom.	no.
Pacian.	paraen.
Pacuv.	Paul.
Pacuv.	fr.
Pacuv.	inc. fab. fr. LXIII.
Pacuv.	praet.
Pacuv.	tr.
Pacuv.	tr. 
Pacuv.	tr. Paul.
Pacuv.	trag.
Palaemon.	art.
Pallad.	de insit.
Pamoch.	no.
Paneg.	in Mess.
Paneg.	inc. Constant.
Papin.	dig.
Papir.	Iust. dig.
Papir.	dig.
Parid.	epit. Val. Max.
Parid.	exc. Val. Max.
Paris.	Schol. Iuven.
Paris.	Serv. Verg. Aen.
Pass.	Montan.
Passerat.	Prop.
Past.	Herm.
Paul.	Diac. homil.
Paul.	Diac. vit. Greg.
Paul.	Dig.
Paul.	Nol.
Paul.	Nol. carm.
Paul.	Nol. ep.
Paul.	Nol. epist.
Paul.	Nol. nat.
Paul.	Nol. nat. Fel.
Paul.	Nol. poëm.
Paul.	Petr.
Paul.	Petric.
Paul.	Sent.
Paul.	ad Aus. carm.
Paul.	ad Auson.
Paul.	ad Cyther.
Paul.	ad Sever.
Paul.	de nom. christ.
Paul.	dig.
Paul.	ex Fest.
Paul.	ex Fest. 
Paul.	ex fest.
Paul.	ex. Fest.
Paul.	in Augustin. epist.
Paul.	in Auson. epist.
Paul.	in Natal.
Paul.	in vit. Ambros.
Paul.	sent.
Paulin.	Nol. carm.
Paulin.	Nol. epīst.
Paulin.	Nolan. carm.
Paulin.	adv. pagan.
Paulin.	carm. euchar.
Paulin.	in Augustin. ep.
Paulin.	in Augustin. epist.
Paulin.	vit. Ambros.
Peiper.	Itin. Anton.
Peiper.	Lact.
Pelag.	ad Demetr.
Pelag.	vet.
Pelag.	veterin.
Pelagon.	art. veterin.
Pelagon.	vet.
Pelagon.	vet. 
Pelagon.	veterin.
Perott.	corn. cop.
Pers.	Plaut. Epid.
Pers.	pr.
Pers.	prol.
Pers.	sat.
Pervig.	Ven.
Pesc.	Nig.
Petr.	Chrys. serm.
Petr.	Chrysol. serm.
Petr.	fr.
Petr.	poët.
Petron.	fr.
Petron.	poet.
Petron.	poët.
Petron.	poët. fr.
Phaedr.	append.
Phaedr.	fab.
Phaedr.	fab. app.
Philarg.	Verg. ecl.
Philarg.	Verg. georg.
Philarg.	ad Verg. georg.
Philarg.	in Verg. ecl.
Philol.	Anz.
Philostr.	haeres.
Phylarg.	Verg. georg.
Pin.	ep.
Placid.	gloss.
Placit.	de medic.
Planc.	in Cic. ep.
Plat.	Lach.
Plaud.	Pseud.
Plaud.	rud.
Plaut.	Amph.
Plaut.	Amph. 
Plaut.	Amph. pr.
Plaut.	Amph. prol.
Plaut.	Amphitr. prol.
Plaut.	Astr. fr.
Plaut.	Bacch.
Plaut.	Bacch. 
Plaut.	Cas.
Plaut.	Cas. 
Plaut.	Cas. prol.
Plaut.	Casin.
Plaut.	Casin. prol.
Plaut.	Cist.
Plaut.	Comoed. vol.
Plaut.	Curc.
Plaut.	Curc. 
Plaut.	Cure.
Plaut.	Epid.
Plaut.	Meg.
Plaut.	Mem.
Plaut.	Men.
Plaut.	Men. 
Plaut.	Men. prol.
Plaut.	Most.
Plaut.	Nervol. fr.
Plaut.	Nol. nat. Fel.
Plaut.	Pers.
Plaut.	Pers. 
Plaut.	Poen.
Plaut.	Poen. 
Plaut.	Poen. pr.
Plaut.	Poen. prol.
Plaut.	Pseud.
Plaut.	Pseud. 
Plaut.	Pseud. argum.
Plaut.	Stich.
Plaut.	Vid. fr.
Plaut.	Vidul. fr.
Plaut.	asin.
Plaut.	asin. 
Plaut.	asin. argum.
Plaut.	asin. prol.
Plaut.	aul.
Plaut.	aul. 
Plaut.	aul. prol.
Plaut.	aulul.
Plaut.	aulul. argum.
Plaut.	capt.
Plaut.	capt. 
Plaut.	capt. prol.
Plaut.	carbon. fr.
Plaut.	cist.
Plaut.	cist. fr.
Plaut.	dig.
Plaut.	fr.
Plaut.	fr. Astrab.
Plaut.	fr. inc.
Plaut.	friv. fr.
Plaut.	merc.
Plaut.	merc. 
Plaut.	merc. prol.
Plaut.	mil.
Plaut.	mil. 
Plaut.	most.
Plaut.	most. 
Plaut.	most. argum.
Plaut.	rud.
Plaut.	rud. 
Plaut.	rud. prol.
Plaut.	trin.
Plaut.	trin. 
Plaut.	trin. prol.
Plaut.	truc.
Plaut.	truc. 
Plaut.	truc. prol.
Plaut.	vidul.
Plaut.	vidul. fr.
Plin.	Sec.
Plin.	Sec. medic. praef. in.
Plin.	Val.
Plin.	Val. praef. fol.
Plin.	de med.
Plin.	de medic.
Plin.	ep.
Plin.	epp.
Plin.	epp. emend.
Plin.	hist. nat. praef.
Plin.	ind. libr.
Plin.	lib.
Plin.	nat. hist.
Plin.	nat. hist. lib.
Plin.	nat. hist. pr.
Plin.	nat. hist. praef.
Plin.	pan.
Plin.	pr.
Plin.	praef.
Plot.	Sacerd.
Plot.	Sacerd. art. gramm.
Plot.	art. gr.
Plot.	de metr.
Plot.	de metr. comp.
Plur.	Anthol. Lat.
Plur.	Apul. met.
Plur.	Arnob.
Plur.	Auson. Mosell.
Plur.	Cels.
Plur.	Cic. Tusc.
Plur.	Col.
Plur.	Corp. inscr. Lat.
Plur.	Iuven.
Plur.	Lucan.
Plur.	Lucil.
Plur.	Lucr.
Plur.	Ov. art. am.
Plur.	Plin.
Plur.	Quint.
Plur.	Vulg. Ierem.
Plur.	de const. sap.
Plur.	de nat. deor.
Plur.	de rep.
Plur.	ibid.
Plutarch.	Pericl.
Plutarch.	Sol.
Poen.	prol.
Poet.	in catal.
Pomp.	Trog. prolog. hist. Phil. lib.
Pomp.	com.
Pomp.	comment. art. Donat.
Pomp.	dig.
Pompei.	comm.
Pompei.	comm. art. Donat.
Pompei.	comment.
Pompei.	comment. art. Donat.
Pompei.	gr.
Pompei.	gramm. comment. art. Donat.
Pompon.	com.
Pompon.	com. fr.
Pompon.	com. fr. 
Pompon.	de orig. iur.
Pompon.	de orig. iur. not.
Pompon.	dig.
Pompon.	tr.
Popul.	Iguv. lustr.
Porc.	in Suet. vit. Ter.
Porph.	Hor. carm.
Porph.	Hor. ep.
Porph.	Hor. epod.
Porph.	Hor. sat.
Porph.	comm.
Porph.	dial.
Porphyr.	Hor. carm.
Porphyr.	Hor. carm. saec.
Porphyr.	Hor. ep.
Porphyr.	Hor. epod.
Porphyr.	Hor. od.
Porphyr.	Hor. sat.
Porphyr.	ad Constant.
Porphyr.	ad Hor. carm.
Porphyr.	ad Hor. epod.
Porphyr.	de art. poët.
Porphyr.	dial.
Porphyr.	vit. Hor.
Possid.	vit. Augustin.
Praen.	Mart.
Prisc.	Perieg.
Prisc.	ad Iul. ep.
Prisc.	de acc.
Prisc.	de acceat.
Prisc.	de accent.
Prisc.	de fig. num.
Prisc.	de metr. Ter.
Prisc.	de metr. Terent.
Prisc.	de nom.
Prisc.	de nom. etc.
Prisc.	de num. fig.
Prisc.	de praeex. rhet.
Prisc.	gramm. III.
Prisc.	inst.
Prisc.	part. XII. vers. Aen.
Prisc.	partit. XII. vers. Aen.
Prisc.	perieg.
Prisc.	praeex.
Prisc.	praeex. rhet.
Prisc.	praeexerc. rhet.
Prisc.	praeëx.
Prisc.	vol.
Priscill.	tract.
Privil.	veteran.
Prob.	App.
Prob.	Verg. bucol.
Prob.	Verg. georg.
Prob.	ad Iuven.
Prob.	ad Verg. bucol. in.
Prob.	ad Verg. ecl.
Prob.	ad. Iuven.
Prob.	app.
Prob.	append.
Prob.	cath.
Prob.	cathol.
Prob.	cons.
Prob.	de litt. sing.
Prob.	de nom.
Prob.	de nom. exc.
Prob.	de ult. syll.
Prob.	gramm.
Prob.	in Verg. georg.
Prob.	inst.
Prob.	inst. art.
Prob.	inst. art. no.
Prob.	instit. art.
Probr.	cons.
Procul.	dig.
Programm.	Lips.
Prolegg.	ad Tac. Agr.
Prolegg.	ad Verg.
Prosp.	in psalm.
Prud.	Diptych.
Prud.	Psych.
Prud.	adv. Symm.
Prud.	aposch.
Prud.	apoth.
Prud.	apoth. praef.
Prud.	cath.
Prud.	cath. praef.
Prud.	cathem.
Prud.	de nat. dom.
Prud.	dittoch.
Prud.	epil.
Prud.	epilog.
Prud.	ham.
Prud.	ham. 
Prud.	ham. praef.
Prud.	hamart.
Prud.	perist.
Prud.	psych.
Prud.	psych. 
Prud.	psych. praef.
Prud.	psychom.
Prudent.	psych.
Prudent.	psych. praef.
Ps.	Boëth. art. geom.
Ps.	Boëth. grom.
Ps.	de art. geom.
Ps. Aethic.	cosmogr. praef.
Ps. Albinov.	ad Liv.
Ps. Albinov.	eleg.
Ps. Ambr.	de paen.
Ps. Ambr.	serm.
Ps. Ambros.	de dign. sacerd.
Ps. Ambros.	de temp.
Ps. Ambros.	ep.
Ps. Ambros.	epist.
Ps. Ambros.	serm.
Ps. Apul.	Ascl.
Ps. Apul.	Ascl. 
Ps. Apul.	Asclep.
Ps. Apul.	de Plat.
Ps. Apul.	de dogm. Plat.
Ps. Apul.	de herb.
Ps. Apul.	doctr. Plat.
Ps. Apul.	herb.
Ps. Apul.	herb. 
Ps. Apul.	herb. praef.
Ps. Arnob.	in psalm.
Ps. Ascan.	Cic. II. Verr.
Ps. Ascon.	Cic. II. Verr.
Ps. Ascon.	Cic. Verr.
Ps. Ascon.	II. Verr.
Ps. Ascon.	ad Cic. II. Verr.
Ps. Ascon.	ad Cic. Verr.
Ps. Ascon.	in Caec.
Ps. Ascon.	in Caecil.
Ps. Ascon.	in Cic. II. Verr.
Ps. Aug.	de sacril.
Ps. Aug.	serm. app.
Ps. August.	serm. app.
Ps. Augustin.	app. epist.
Ps. Augustin.	app. serm.
Ps. Augustin.	categ.
Ps. Augustin.	epist.
Ps. Augustin.	man.
Ps. Augustin.	medit.
Ps. Augustin.	serm.
Ps. Augustin.	serm. app.
Ps. Augustin.	solil.
Ps. Aur.	Vict. epit.
Ps. Cassiod.	de amic.
Ps. Caton.	dist.
Ps. Censor.	fr.
Ps. Cic.	ad Octav.
Ps. Cic.	consol.
Ps. Cic.	in Sall.
Ps. Cic.	in exs. ir.
Ps. Cypr.	Sodom.
Ps. Cypr.	ad Novat.
Ps. Cypr.	adv. Iud.
Ps. Cypr.	app. carm.
Ps. Cypr.	carm.
Ps. Cypr.	comput. pasch.
Ps. Cypr.	de Iudaic. incred.
Ps. Cypr.	de aleat.
Ps. Cypr.	de bon. pudic.
Ps. Cypr.	de duod. abus. saec.
Ps. Cypr.	de dupl. mart.
Ps. Cypr.	de dupl. martyr.
Ps. Cypr.	de genes.
Ps. Cypr.	de laud. mart.
Ps. Cypr.	de laud. martyr.
Ps. Cypr.	de pasch. comp.
Ps. Cypr.	de rebapt.
Ps. Cypr.	de resurr. mort.
Ps. Cypr.	de sing. cler.
Ps. Cypr.	de sing. eccl.
Ps. Cypr.	de singul. cleric.
Ps. Cypr.	de spect.
Ps. Cypr.	in genes.
Ps. Cypr.	or.
Ps. Cypr.	poët. genes.
Ps. Cypr.	sing. cler.
Ps. Eucher.	in regg. comm.
Ps. Fulg.	Rusp. serm.
Ps. Fulg.	serm.
Ps. Gargil.	de medic.
Ps. Hier.	app. serm.
Ps. Hieron.	epist.
Ps. Iuvenc.	in exod.
Ps. Iuvenc.	triumph. Chr.
Ps. Lucil.	fr.
Ps. Ov.	de nuc.
Ps. Ov.	her.
Ps. Ov.	nuc.
Ps. Prob.	de ult. syll.
Ps. Quint.	decl.
Ps. Quint.	decl. 
Ps. Quint.	decl. Mar. trib.
Ps. Quint.	decl. Trib. Mar.
Ps. Quint.	decl. Tribun. Mar.
Ps. Quint.	decl. trib. Mar.
Ps. Quint.	decl. trib. Marian.
Ps. Quint.	decl. tribun. Marian.
Ps. Quint.	trib. Marian.
Ps. Quint.	trib. Marian. decl.
Ps. Quint.	tribun. Marian.
Ps. Rufin.	in psalm.
Ps. Sall.	ad Caes.
Ps. Sall.	de rep.
Ps. Sall.	in Cic.
Ps. Sen.	Octav.
Ps. Sen.	ad Paul.
Ps. Sen.	ad Paul. apost.
Ps. Sen.	de mor. no.
Ps. Sen.	ep. ad. Paul.
Ps. Sen.	rem. fort.
Ps. Sor.	qu. medic.
Ps. Soran.	de puls.
Ps. Soran.	qu. med.
Ps. Soran.	qu. medic.
Ps. Soran.	quaest. medic.
Ps. Sulp.	Sev. app. epist.
Ps. Syr.	sent.
Ps. Tert.	Sodom.
Ps. Tert.	adv. Marc. carm.
Ps. Tert.	carm. adv. Marc.
Ps. Tert.	de iudic. domin.
Ps. Tert.	poët. adv. Marc.
Ps. Theod.	Prisc.
Ps. Ven.	Fort. carm. spur.
Ps. Ven.	in laud. Mar.
Ps. Verg.	Cir.
Ps. Verg.	Cul.
Ps. Verg.	cat.
Ps. Verg.	cir.
Ps. Verg.	cop.
Ps. Verg.	cul.
Ps. Verg.	de oct. part. or. ep.
Ps. Verg.	mor.
Ps. Verg.	moret.
Publ.	Syr. com.
Publ.	Syr. mim.
Publ.	Syr. mim. fr. inc.
Publ.	Syr. sent.
Publil.	Optat.
Publil.	Optat. organ.
Publil.	Syr.
Publil.	Syr. com.
Pun.	fr.
Punic.	alt.
Punic.	fr.
Putean.	Mart.
Quaest.	Caes.
Quaest.	Hor.
Quaest.	Plaut.
Quint.	Vgl. Stürenb. Cic. Arch.
Quint.	ad Tryph.
Quint.	ibid.
Quint.	prooem.
Rab.	post.
Regul.	in Plin. ep.
Reiff.	Anthol. Lat.
Reiff.	Serv. Verg. georg.
Reines.	var. lect.
Resp.	Papin. tit.
Respons.	Papinian. tit.
Rest.	tr.
Rhein.	Mus.
Rhemn.	Palaem.
Rhet.	Lat. ed. Halm.
Ribb.	Tragic. Rom. fr.
Riese.	Vgl. Fest.
Ripperd.	Tac. ann.
Ritschl.	opusc.
Rom.	Bd.
Rom.	Berol.
Rom.	II. fr.
Rom.	Rel.
Rom.	app.
Rom.	fr.
Rom.	leg. coll.
Rom.	leg. collat.
Rom.	leg. collat. tit.
Rom.	legg. coll.
Rom.	legg. collat.
Rosc.	Am.
Rosc.	com.
Rose.	Vulg. Lev.
Roth.	Mart.
Rubr.	Cod. Iust.
Ruf.	Fest.
Ruf.	Fest. brev.
Ruf.	brev.
Ruf.	in Hieron.
Ruf.	invect. Hieron.
Rufin.	Euseb. hist. eccl.
Rufin.	Orig. homil.
Rufin.	ad Rom. comm.
Rufin.	ad Roman.
Rufin.	apol.
Rufin.	de fig. sent.
Rufin.	de metr. comic.
Rufin.	de schem. dian.
Rufin.	de schem. lex.
Rufin.	hist. eccl.
Rufin.	hist. monach.
Rufin.	in Hieron.
Rufin.	in Levit.
Rufin.	in Levit. hom.
Rufin.	in Rom.
Rufin.	in cant.
Rufin.	in cant. prol.
Rufin.	in gen. hom.
Rufin.	in levit.
Rufin.	in metr. Ter.
Rufin.	in num.
Rufin.	in num. hom.
Rufin.	in num. homil.
Rufin.	in numer. homil.
Rufin.	in psalm.
Rufin.	metr. Ter.
Rufin.	recogn.
Rufin.	rhet.
Rufinian.	de fig. sent.
Rufinian.	de schem. dian.
Rufinian.	schem. lex.
Ruhnk.	Ov. her.
Ruhnk.	Rut. Lup.
Ruhnk.	Suet. Cal.
Ruhnk.	Ter. Andr.
Ruhnk.	Ter. Hec.
Ruhnk.	Ter. heaut.
Ruric.	ep.
Ruric.	epist.
Rustic.	epist.
Rut.	Lup.
Rut.	Nam.
Rutil.	Lup.
Rutil.	Nam.
Rutil.	Namat.
Rutil.	Numat.
Rutil.	itin.
Sabin.	ep.
Sabin.	epist.
Sacerd.	art. gr.
Sacerd.	art. gramm.
Sall.	Cat.
Sall.	Iug.
Sall.	Jug.
Sall.	Vgl. Drak. Liv.
Sall.	fr.
Sall.	hist.
Sall.	hist. fr.
Sall.	hist. fr. inc.
Sall.	in Sen. ep.
Sall.	orat. Licin.
Salmas.	Exerc. Plin.
Salmas.	Spart. Hadr.
Salmas.	exercitt. Plin.
Salv.	ad eccl.
Salv.	ad. eccl.
Salv.	adv. avar.
Salv.	de gub. dei.
Salv.	de stat. anim.
Salv.	eccl.
Salv.	ep.
Salv.	epist.
Salvian.	ep.
Sam.	hom.
Sang.	Corp. inscr. Lat.
Scaev.	dig.
Scaevol.	Dig.
Scaevol.	dig.
Scaur.	VII.
Sch.	Caecil. com.
Sch.	Fest.
Sch.	Ter. heaut.
Schenkl.	Alcim. Avit. carm.
Schenkl.	Alcim. Avit. poëm.
Schenkl.	Amm.
Schenkl.	Anthol. Lat.
Schenkl.	Apul. flor.
Schenkl.	Apul. met.
Schenkl.	Arnob.
Schenkl.	Auson. Mos.
Schenkl.	Cassiod. hist. eccl.
Schenkl.	Chalcid. Tim.
Schenkl.	Charis.
Schenkl.	Cl. Mam. pan. Iulian.
Schenkl.	Cod. Iust.
Schenkl.	Cod. Iustin.
Schenkl.	Corp. inscr.
Schenkl.	Corp. inscr. Lat.
Schenkl.	Diom.
Schenkl.	Donat. Ter. eun.
Schenkl.	Eumen. grat. act. Constant.
Schenkl.	Hieron. adv. Iovin.
Schenkl.	Hieron. epist.
Schenkl.	Hyg. astr.
Schenkl.	Hyg. fab.
Schenkl.	Isid. orig.
Schenkl.	Itin. Alex.
Schenkl.	Mart. Cap.
Schenkl.	Paul. Nol.
Schenkl.	Prud. ham.
Schenkl.	Prud. perist.
Schenkl.	Sen. Herc. Oet.
Schenkl.	Serv. Verg. georg.
Schenkl.	Sidon. carm.
Schenkl.	Sidon. epist.
Schenkl.	Sulpic. Sev. dial.
Schenkl.	Th. Prisc.
Schenkl.	Veget. mul.
Schenkl.	Ven. Fort. carm.
Schenkl.	Vulg.
Schenkl.	Vulg. deut.
Schenkl.	Vulg. genes.
Schenkl.	Vulg. iudic.
Schenkl.	ad litt.
Schenkl.	de Plat.
Schenkl.	de morb. chron.
Schenkl.	de mund.
Schenkl.	in Isai.
Schm.	Auson. epigr.
Schm.	Isid. orig.
Schm.	Serv. Verg. Aen.
Schm.	Stat. Ach.
Schm.	Stat. Theb.
Schn.	Gratt. cyn.
Schn.	Ov. fast.
Schneidew.	Mart. epigr. suppos.
Schoell.	Commod. apol.
Schoell.	Nov. com.
Schoell.	Vgl. Charis.
Schoell.	ex Fest.
Schol.	Acron. Hor. serm.
Schol.	Bemb. Ter. adelph.
Schol.	Bern. Lucan.
Schol.	Bern. Verg. buc.
Schol.	Bern. Verg. bucol.
Schol.	Bern. Verg. ecl.
Schol.	Bern. Verg. georg.
Schol.	Bob.
Schol.	Bob. Cic. Flacc.
Schol.	Bob. Cic. Planc.
Schol.	Bob. Cic. Sest.
Schol.	Caes. Germ.
Schol.	Caes. Germ. Arat.
Schol.	Cic. Gron.
Schol.	Cruq. Hor. carm.
Schol.	Cruq. Hor. ep.
Schol.	Cruq. Hor. epod.
Schol.	Cruq. Hor. sat.
Schol.	Cruqu. Hor. ep.
Schol.	German. Arat.
Schol.	Germanic. Arat.
Schol.	Gron. Cic. Marc.
Schol.	Hor. carm.
Schol.	Hor. ep.
Schol.	Hor. epod.
Schol.	Hor. sat.
Schol.	Iuven.
Schol.	Lat.
Schol.	Lucan.
Schol.	Pers.
Schol.	Pers. prol.
Schol.	Stat. Theb.
Schol.	ad Caes. Germ. Arat.
Schol.	ad Caes. German. Arat.
Schol.	ad Caes. Germanic.
Schol.	ad Caes. Germanic. Arat.
Schol.	ad Cic. Arch.
Schol.	ad Cic. Flacc.
Schol.	ad Cic. Mil.
Schol.	ad Cic. Planc.
Schol.	ad Cic. Sest.
Schol.	ad Cic. Sull.
Schol.	ad Cic. Vat.
Schol.	ad German. Arat.
Schol.	ad Germanic. Arat.
Schol.	ad Germanic. prognost. tom.
Schol.	ad Hor. art. poët.
Schol.	ad Hor. carm.
Schol.	ad Hor. sat.
Schol.	ad Lucan.
Schol.	ad Macr. somn. Scip.
Schol.	ad Pers.
Schol.	ad Stat. Theb.
Schol.	ad Verg. Aen.
Schol.	ad Verg. buc.
Schol.	ad Verg. ecl.
Schol.	ad Verg. georg.
Schol.	ad Verg. georg. 
Schol.	ad popul.
Schol.	de art. poët.
Schol.	de imp. Pomp.
Schol.	in Caes. Germ. Arat.
Schol.	in Caes. German. Arat.
Schol.	in Cic. Clod.
Schol.	in Cic. II. Verr.
Schol.	in Class. auct.
Schol.	in Lucan.
Schol.	in Verg. ecl.
Schrift.	Berl.
Schw.	Liv.
Schwabe.	Corp. inscr. Lat.
Scrib.	Larg.
Scrib.	Larg. 
Scrib.	targ.
Script.	rer. Long.
Scriptt.	hist. Aug. vol.
Scriptt.	vet. nov. coll. tom.
Sec.	Manich.
Secund.	Manich.
Sedul.	carm.
Sedul.	carm. pasch.
Sedul.	de veter. test.
Sedul.	hymn.
Sedul.	in carm. pasch. praef.
Sedul.	pasch. carm.
Sedul.	paschal. carm.
Sedul.	prol.
Sen.	Agam.
Sen.	Herc. Oet.
Sen.	Herc. fur.
Sen.	Med.
Sen.	Octav.
Sen.	Octav. 
Sen.	Oed.
Sen.	Oedip.
Sen.	Phaedr.
Sen.	Phoen.
Sen.	Phoen. fr.
Sen.	Thy.
Sen.	Thyest.
Sen.	Tro.
Sen.	Troad.
Sen.	Vgl. Bünem. Lact.
Sen.	Vgl. Charis.
Sen.	ad Helv.
Sen.	ad Marc.
Sen.	ad Polyb.
Sen.	ad. Helv.
Sen.	apoc.
Sen.	apoc. 
Sen.	apol.
Sen.	const.
Sen.	contr.
Sen.	contr. exc.
Sen.	de ben.
Sen.	de benef.
Sen.	de brev. vit.
Sen.	de clem.
Sen.	de const.
Sen.	de const. anim.
Sen.	de const. sap.
Sen.	de dem.
Sen.	de prov.
Sen.	de provid.
Sen.	de rem. fort.
Sen.	de tranqu.
Sen.	de tranqu. an.
Sen.	de tranqu. anim.
Sen.	de vit. beat.
Sen.	ep.
Sen.	epigr.
Sen.	exc. contr.
Sen.	fr.
Sen.	fr. no.
Sen.	fragm. Oedip.
Sen.	nat.
Sen.	nat. qu.
Sen.	nat. qu. prol.
Sen.	nat. quaest.
Sen.	nat. quaest. prol.
Sen.	op. tom.
Sen.	op. vol.
Sen.	opp. vol.
Sen.	poët. apoc.
Sen.	prov.
Sen.	qu. nat.
Sen.	rem.
Sen.	suas.
Sen.	tranqu.
Septim.	Seren. fr.
Septim.	in Schol. Iuven.
Sequ.	de font.
Ser.	Samm.
Ser.	Sammon.
Seren.	Sam.
Seren.	Samm.
Serg.	de litt.
Serg.	in Donat.
Sermonen.	Bd.
Serv.	Aen.
Serv.	Cass. Verg. Aen.
Serv.	Verg.
Serv.	Verg. Aen.
Serv.	Verg. Aen. 
Serv.	Verg. Asen.
Serv.	Verg. eccl.
Serv.	Verg. ecl.
Serv.	Verg. georg.
Serv.	Verg. georg. prooem.
Serv.	ad Verg. bucol.
Serv.	ad Verg. georg.
Serv.	ap. Cic. top.
Serv.	auct. Aen.
Serv.	cent. metr.
Serv.	centim.
Serv.	de cent. metr.
Serv.	de metr. Hor.
Serv.	dig.
Serv.	gramm.
Serv.	in Cic. ep.
Serv.	in Donat.
Serv.	in Endlich. Anal. gramm.
Serv.	in art. Donat.
Serv.	vit. Verg. vol.
Sever.	in Augustin. epist.
Severus.	opus. Lamor. Alex. Sev.
Sex.	Placit.
Sex.	Placit. parab. medic.
Sex.	Ruf.
Sex.	Ruf. brev.
Sex.	de med.
Sex.	de medic.
Sext.	Plac. medic.
Sext.	Placit.
Sext.	Ruf.
Sext.	Ruf. brev.
Sext.	de medic.
Seyff.	Cic. Lael.
Sicul.	Flacc.
Sid.	carm.
Sidon.	carm.
Sidon.	ep.
Sidon.	epist.
Sidon.	in ep.
Sidon.	praef. carm.
Sil.	It.
Sing.	Heges.
Sing.	Not. Tir.
Sing.	Siren. Solin.
Sing.	Titin. com.
Sing.	Volus. Maecian. distr.
Sing.	de div.
Sisenn.	fr.
Sisenn.	fr. inc.
Sisenn.	hist.
Sisenn.	hist. fr.
Sisenn.	hist. fr. inc.
Socr.	in.
Socr.	prol.
Socr.	prol. extr.
Socr.	prol. in.
Solin.	in Anthol. Lat.
Solin.	praef.
Solin.	rubr.
Soran.	Lat.
Soran.	Latin.
Soran.	fr.
Soran.	lat.
Sp.	Schol. Bern. Verg. georg.
Sp.	Scrib. Larg.
Spart.	Ael.
Spart.	Alex. Sev.
Spart.	Anton. Get.
Spart.	Car.
Spart.	Carac.
Spart.	Did. Iul.
Spart.	Did. Iulian.
Spart.	Get.
Spart.	Gord.
Spart.	Hadr.
Spart.	Hel.
Spart.	Hel. Ver.
Spart.	Heliog.
Spart.	Iul.
Spart.	Pesc.
Spart.	Pesc. Nig.
Spart.	Sev.
Spart.	Sever.
Spart.	Sever. 
Spart.	Ver.
Spic.	Sol.
Spic.	Solesm.
Spicil.	Rom.
Spicil.	Solesm.
Spicil.	Solesm. IV.
Spicil.	Solesm. tom.
Spicil.	Soloesm.
Spicil.	in Corn. Nep. III.
St.	Vo. IV.
Staatsrecht.	Bd.
Stab.	Theb.
Stat.	Ach.
Stat.	Achill.
Stat.	Silv.
Stat.	Theb.
Stat.	Theb. 
Stat.	silv.
Stat.	sitv.
Steph.	Byz.
Stewech.	Veget. mil.
Stud.	Afran. com.
Stud.	Plaut.
Suct.	Aug.
Suet.	Aug.
Suet.	Aug. 
Suet.	Aug. Caes.
Suet.	August.
Suet.	Caes.
Suet.	Caes. 
Suet.	Cal.
Suet.	Calig.
Suet.	Cl.
Suet.	Claud.
Suet.	Dom.
Suet.	Domit.
Suet.	Galb.
Suet.	Ner.
Suet.	Oth.
Suet.	Tib.
Suet.	Tit.
Suet.	Vesp.
Suet.	Vgl.
Suet.	Vgl. Westerh. Ter. Hec. II. prol.
Suet.	Vit.
Suet.	Vit. Ner.
Suet.	Vitell.
Suet.	de poët.
Suet.	de poët. fr.
Suet.	de vir. ill.
Suet.	de vir. ill. fr.
Suet.	de vir. illustr.
Suet.	fr.
Suet.	fr. ed. Reiffersch.
Suet.	fragm.
Suet.	gr.
Suet.	gramm.
Suet.	rhet.
Suet.	tr.
Suet.	verb. diff.
Suet.	vit. Hor.
Suet.	vit. Hor. extr.
Suet.	vit. Lucan.
Suet.	vit. Lucan. extr.
Suet.	vit. Plin.
Suet.	vit. Ter.
Suet.	vit. Terent. comment.
Suet.	vit. Verg.
Sulp.	Sev.
Sulp.	Sev. app. ep.
Sulp.	Sev. app. epist.
Sulp.	Sev. append. ep.
Sulp.	Sev. chr.
Sulp.	Sev. chron.
Sulp.	Sev. chronic.
Sulp.	Sev. dial.
Sulp.	Sev. ep.
Sulp.	Sev. ep. dub.
Sulp.	Sev. epist.
Sulp.	Sev. vit. Mart.
Sulp.	Sev. vit. Mart. praef.
Sulp.	Vict. inst. or.
Sulp.	de vit. Mart.
Sulpic.	Sev. chron.
Sulpic.	Sev. dial.
Sulpic.	Sev. vit. Martin.
Sulpic.	Vict. inst. or.
Sulpic.	Victor. instit. orat.
Sulpic.	in Anthol. Lat.
Sulpic.	in Cic. ep.
Sulpic.	sat.
Supin.	in Not. Tir.
Sut.	Cal.
Symm.	ep.
Symm.	epist.
Symm.	in Valent.
Symm.	in Valentin.
Symm.	in patr.
Symm.	init. Ambros. epist.
Symm.	orat.
Symm.	oratt. ed. Mai. Rom.
Symm.	praef.
Symm.	relat.
Synes.	epist.
Syr.	com.
Syr.	sent.
Syr.	sent. app.
Tab.	Bantin. lin.
Tab.	Peut.
Tab.	cod. Bob. no.
Tabul.	Heracl.
Tabul.	auction. no.
Tac.	Agr.
Tac.	Agric.
Tac.	Germ.
Tac.	Hist.
Tac.	Vgl.
Tac.	Vgl. Drak. Liv.
Tac.	Vgl. Nipperd. Tac. ann.
Tac.	ann.
Tac.	ann. 
Tac.	ann. Bd.
Tac.	ann. lib.
Tac.	ann. vol.
Tac.	bist.
Tac.	dial.
Tac.	hist.
Tarrunt.	Pat. dig.
Tarrunt.	Patern. dig.
Tarrunt.	dig.
Tarunt.	Pat. dig.
Taubm.	Plaut. Amph.
Technol.	usw.
Tel.	Andr.
Ter.	Andr.
Ter.	Andr. 
Ter.	Andr. prol.
Ter.	Clem. dig.
Ter.	Eun.
Ter.	Hec.
Ter.	Hec. 
Ter.	Hec. prol.
Ter.	Hec. prol. alt.
Ter.	Hecyr.
Ter.	Maur.
Ter.	Phorm.
Ter.	Phorm. 
Ter.	Phorm. prol.
Ter.	Scaur.
Ter.	adelph.
Ter.	adelph. 
Ter.	adelph. prol.
Ter.	adv. Marc.
Ter.	comoed. vol.
Ter.	de fin.
Ter.	de pall.
Ter.	de pudic.
Ter.	eun.
Ter.	eun. 
Ter.	eun. prol.
Ter.	heaut.
Ter.	heaut. 
Ter.	heaut. prol.
Ter.	heaut. tim. prol.
Ter.	āndr.
Terent.	Comoed. vol.
Terent.	Maur.
Terent.	Maur. 
Tert.	Prax.
Tert.	Scorp.
Tert.	Vgl. Bünem. Lact.
Tert.	ad Hermog.
Tert.	ad Scap.
Tert.	ad Scapul.
Tert.	ad castit.
Tert.	ad mart.
Tert.	ad martyr.
Tert.	ad nat.
Tert.	ad psych.
Tert.	ad senat.
Tert.	ad ux.
Tert.	ad uxor.
Tert.	ad. nat.
Tert.	adv. Gnost.
Tert.	adv. Herm.
Tert.	adv. Hermog.
Tert.	adv. Hermog. 
Tert.	adv. Iud.
Tert.	adv. Marc.
Tert.	adv. Marc. carm.
Tert.	adv. Mart.
Tert.	adv. Prax.
Tert.	adv. Psych.
Tert.	adv. Val.
Tert.	adv. Valent.
Tert.	adv. gnost.
Tert.	adv. haer.
Tert.	adv. haeret.
Tert.	adv. martyr.
Tert.	adv. nat.
Tert.	adv. psych.
Tert.	adv. uxor.
Tert.	adv.Valent.
Tert.	anim.
Tert.	apol.
Tert.	apol. 
Tert.	carn. Christ.
Tert.	cor. mil.
Tert.	de anim.
Tert.	de anim. 
Tert.	de bapt.
Tert.	de baptism.
Tert.	de car. Chr.
Tert.	de carn. Chr.
Tert.	de carn. Christ.
Tert.	de cor.
Tert.	de cor. mil.
Tert.	de coron.
Tert.	de coron. mil.
Tert.	de cult. fem.
Tert.	de exh. cast.
Tert.	de exhort. cast.
Tert.	de exhort. castit.
Tert.	de fug.
Tert.	de fug. pers.
Tert.	de hab. mul.
Tert.	de hab. mulier.
Tert.	de habit. mul.
Tert.	de idol.
Tert.	de ieiun.
Tert.	de ieiun. adv. Psych.
Tert.	de iudic.
Tert.	de iudic. Dom.
Tert.	de iudic. dom.
Tert.	de martyr.
Tert.	de monog.
Tert.	de monol.
Tert.	de or.
Tert.	de orat.
Tert.	de paen.
Tert.	de paen. 
Tert.	de paenit.
Tert.	de paenit. 
Tert.	de pall.
Tert.	de pat.
Tert.	de pat. 
Tert.	de patient.
Tert.	de praescr.
Tert.	de praescr. haer.
Tert.	de praescr. haeret.
Tert.	de pud.
Tert.	de pudic.
Tert.	de res. carn.
Tert.	de res. carn. 
Tert.	de resurr.
Tert.	de resurr. carn.
Tert.	de resurrect. carn.
Tert.	de spect.
Tert.	de test. anim.
Tert.	de testim. anim.
Tert.	de trin.
Tert.	de vel. virg.
Tert.	de virg. vel.
Tert.	exh. castit.
Tert.	exhort. cast.
Tert.	idol.
Tert.	in genes.
Tert.	in pers.
Tert.	in persec.
Tert.	iudic. dom.
Tert.	monog.
Tert.	monogr.
Tert.	orat.
Tert.	poët. adv. Marc.
Tert.	praescr.
Tert.	praescr. adv. haer.
Tert.	praescr. haer.
Tert.	praescr. haeret.
Tert.	res. carn.
Tert.	scorp.
Tert.	spect.
Tert.	spect. 
Tert.	test. anim.
Tertul.	adv. Marc.
Tertul.	de anim.
Tertul.	de cult. fem.
Tertull.	adv. Valent.
Tertull.	de anim.
Tertull.	de cult. fem.
Tertull.	de fug.
Tertull.	de paenit.
Tertull.	de pudic.
Tertull.	de test. anim.
Testam.	porc.
Testam.	porcell.
Teubn.	Suet. Tib.
Th.	Prisc.
Th.	Prisc. chr.
Th.	Prisc. chron.
Th.	Prisc. lib.
Th.	Prisc. medic. praes.
Th.	Prisc. praef. libr.
Th.	de diaet.
Theocrit.	epigr.
Theod.	Prisc.
Theod.	ad Auson.
Tiberian.	carm.
Timarch.	in Cic. Verr.
Titin.	com.
Tom.	XIII. col.
Torren.	Val. Max.
Tort.	apol.
Trab.	com.
Tract.	in Gramm. Lat.
Trag.	fab. inc.
Trag.	inc. fab.
Trag.	inc. fab. 
Trag.	inc. fab. fr.
Trag.	inc. fr.
Tragic.	Lat. fr.
Tragic.	inc. fab.
Tragic.	inc. fab. inc.
Tragic.	inc. fr.
Trai.	ad Rhen.
Trai.	ibid.
Trai.	in Plin. ep.
Traian.	ibid.
Traian.	in Plin. ep.
Trazepos.	Plin.
Treb.	Poli. Claud.
Treb.	Poll.
Treb.	Poll. Cl.
Treb.	Poll. Claud.
Treb.	Poll. Gall.
Treb.	Poll. Gallien.
Treb.	Poll. Maximin. duor.
Treb.	Poll. Valer.
Treb.	Poll. Valer. iun.
Treb.	Poll. trig. tyr.
Treb.	Poll. trig. tyrann.
Trebat.	ICt. fr.
Trebon.	in Cic. ep.
Troi.	Pomp. prol.
Tryph.	dig.
Tryphon.	dig.
Tuberon.	hist.
Turneb.	adv.
Turpil.	com.
Turpil.	fr.
Ulit.	Grat. cyn.
Ulp.	dig.
Ulp.	fr.
Ulp.	fr. tit.
Ulp.	fragm.
Ulp.	frgm. Vat.
Ulp.	reg.
Ulp.	regul.
Ulp.	regul. tit.
Uned.	Inschr. no.
Uned.	Inschrn. no.
Ungedr.	lat. Inschr. no.
Urson.	tab.
Vahlen.	Plaut. Pers.
Vahlen.	Plaut. Poen. prol.
Vahlen.	Plin.
Vahlen.	Vgl. Fest.
Val.	Flacc.
Val.	Max.
Val.	Prob. vit. Verg. in.
Val.	in Augustin. epist.
Val.	in Verg.
Val.	nov.
Valent.	novell.
Valentin.	ap. Gromat. vet.
Valerian.	homil.
Vali.	Vulg.
Vall.	Aug.
Vall.	Vulg. prov.
Var.	LL.
Var.	Ruf. tr.
Var.	trag.
Varen.	fr.
Varr.	LL.
Varr.	de vit. pop. Rom.
Varr.	sat. Mem.
Varr.	sat. Men.
Varr.	sat. Men. 
Varr.	verb. form.
Vatin.	in Cic. ep.
Veget.	mil.
Veget.	mul.
Veget.	mul. praef.
Vel.	Long.
Ven.	Fort.
Ven.	Fort. app.
Ven.	Fort. carm.
Ven.	Fort. carm. append.
Ven.	Fort. carm. praef.
Ven.	Fort. epist.
Ven.	Fort. epist. praef. libr.
Ven.	Fort. epist. praem. carm.
Ven.	Fort. epist. praemiss. carm.
Ven.	Fort. init. epist. praem. carm.
Ven.	Fort. misc.
Ven.	Fort. miscell.
Ven.	Fort. praef.
Ven.	Fort. prol.
Ven.	Fort. prol. libr.
Ven.	Fort. vit. Albin. Andeg.
Ven.	Fort. vit. Amiant.
Ven.	Fort. vit. Leob.
Ven.	Fort. vit. Mart.
Ven.	Fort. vit. Radeg.
Ven.	Fortun.
Ven.	Fortun. carm.
Ven.	de vit. Mart.
Ven.	in epist. praem. carm.
Venul.	dig.
Ver.	imp.
Ver.	imper.
Verec.	in Cant. Habac.
Verecund.	cant. Azar.
Verecund.	in cant. Azar.
Verecund.	in cant. deuter. no.
Verg.	Aen.
Verg.	Aen. 
Verg.	Aen. lib.
Verg.	Vgl. Drak. Liv.
Verg.	cat.
Verg.	catal.
Verg.	cop.
Verg.	cul.
Verg.	de oct. orat. part.
Verg.	eccl.
Verg.	ecl.
Verg.	ed.
Verg.	ge.
Verg.	georg.
Verg.	georg. 
Verg.	moret.
Vergil.	gramm. ep.
Verm.	Schr. Bd.
Verr.	imp.
Vet.	Schol. Hor. sat.
Vet.	ad German. Arat.
Vet.	ad Hor. sat.
Vet.	ad Verg. georg.
Vet.	de mens.
Vgl.	Anecd. Helv.
Vgl.	Boëth. inst. mus.
Vgl.	Broukh. Prop.
Vgl.	Burm. Anthol. Lat. tom.
Vgl.	Bünem. Lact.
Vgl.	Cassiod. orth.
Vgl.	Charis.
Vgl.	Cic. or.
Vgl.	Com. Lat. ed. min. Ribb.
Vgl.	Cornif. rhet.
Vgl.	Corp. inscr. Lat.
Vgl.	Curt.
Vgl.	Diom.
Vgl.	Dosith.
Vgl.	Drak. Liv.
Vgl.	Drak. Sil.
Vgl.	Fest.
Vgl.	Fulg. serm. ant.
Vgl.	Gell.
Vgl.	Gloss. III.
Vgl.	Gloss. Lat. Arab.
Vgl.	Hildebr. Apul. apol.
Vgl.	Hildebr. Apul. met.
Vgl.	Hyg. fab.
Vgl.	Isid.
Vgl.	Isid. orig.
Vgl.	Isidor.
Vgl.	Lachm. Lucr.
Vgl.	Liv.
Vgl.	Mart. Cap.
Vgl.	Naev. com.
Vgl.	Nipperd. quaest. Caesar.
Vgl.	Non.
Vgl.	Not. Tir.
Vgl.	Oudend. Apul. met.
Vgl.	Paul. ex. Fest.
Vgl.	Pers.
Vgl.	Porphyr. Hor. carm.
Vgl.	Porphyr. Hor. epod.
Vgl.	Prisc.
Vgl.	Prob. cath.
Vgl.	Ps. Ascon. Cic. II. Verr.
Vgl.	Quint.
Vgl.	Schol. Bern. Verg. ecl.
Vgl.	Schol. Bern. Verg. georg.
Vgl.	Schol. Pers.
Vgl.	Serv. Verg. Aen.
Vgl.	Serv. Verg. georg.
Vgl.	Taubm. Verg. georg.
Vgl.	Veget. mil.
Vgl.	ad Ter. Phorm.
Vgl.	de acc.
Vgl.	de adv.
Vgl.	de expos. var. rer.
Vgl.	de gen. nom.
Vgl.	de idiom. gen.
Vgl.	de oct. partt. or.
Vgl.	de orthogr.
Vgl.	de spect.
Vgl.	dig.
Vgl.	ex Charis. art. gramm.
Vgl.	ex Fest.
Vgl.	in Class. auct.
Vgl.	übh. Drak. Liv.
Vgl.	übh. Gell.
Vgl.	übh. Hildebr. Apul. met.
Vgl.	übh. Hildebr. Apul. tom.
Vgl.	übh. Lachm. Lucr.
Vgl.	übh. Macr. sat.
Vgl.	übh. Nipperd. Tac. ann.
Vgl.	übh. Prisc.
Vib.	Sequ.
Vib.	de flum.
Vib.	de mont.
Vict.	Vit.
Vict.	Vit. carm.
Vict.	art. rhet.
Vict.	de paenit.
Victor.	de reg. urb. Rom. epil. extr. Corp. inscr. Lat.
Victor.	de reg. urb. Rom. reg.
Victorin.	de gen. metr.
Victorin.	de metr.
Victorin.	de rat. metr.
Victorin.	in Cic. rhet.
Victorin.	in rhet. Cic.
Vigil.	Trident. epist.
Vindic.	Gell. alt.
Vindic.	Plin.
Vindic.	Tull.
Vindic.	ad Valentin. praem. Marc. Emp.
Virg.	de sap.
Virg.	gramm.
Virg.	gramm. ep.
Virg.	gramm. epist.
Virg.	gramm. epit.
Virgil.	gramm. epit.
Vit.	Cypr.
Vit.	no.
Vitr.	Bd.
Vitr.	tom. II.
Vitruv.	Bd.
Vol.	II.
Volus.	Maecian.
Volus.	Maecian. descr.
Volusian.	in Augustin. epist.
Vopisc.	Aur.
Vopisc.	Aurel.
Vopisc.	Bon.
Vopisc.	Bonos.
Vopisc.	Car.
Vopisc.	Carin.
Vopisc.	Firm.
Vopisc.	Flor.
Vopisc.	Florian.
Vopisc.	Numer.
Vopisc.	Pert.
Vopisc.	Prob.
Vopisc.	Proc.
Vopisc.	Procul.
Vopisc.	Prop.
Vopisc.	Sat.
Vopisc.	Saturn.
Vopisc.	Tac.
Vopisc.	de idiom. gen.
Vospisc.	Saturn.
Vot.	fr. arv.
Vulc.	Cass. Avid.
Vulc.	Gall. Avid. Cass.
Vulc.	Gallic. Avid. Cass.
Vulcat.	Avid. Cass.
Vulcat.	Gall.
Vulcat.	Gall. Avid. Cass.
Vulcat.	Gallic. Avid. Cass.
Vulg.	Coloss.
Vulg.	Dan.
Vulg.	Ephes.
Vulg.	Esdr.
Vulg.	Esth.
Vulg.	Ezcch.
Vulg.	Ezech.
Vulg.	Galat.
Vulg.	Habac.
Vulg.	Hebr.
Vulg.	Iac.
Vulg.	Iacob.
Vulg.	Ierem.
Vulg.	Ies.
Vulg.	Iesai.
Vulg.	Ioann.
Vulg.	Ion.
Vulg.	Ios.
Vulg.	Isai.
Vulg.	Iud.
Vulg.	Iudic.
Vulg.	Lev.
Vulg.	Levit.
Vulg.	Luc.
Vulg.	Mach.
Vulg.	Marc.
Vulg.	Matth.
Vulg.	Mich.
Vulg.	Nah.
Vulg.	Nehem.
Vulg.	Os.
Vulg.	Phil.
Vulg.	Philipp.
Vulg.	Rom.
Vulg.	Roman.
Vulg.	Sir.
Vulg.	Sirach.
Vulg.	Soph.
Vulg.	Sophon.
Vulg.	Tit.
Vulg.	Tob.
Vulg.	Zach.
Vulg.	Zachar.
Vulg.	act.
Vulg.	act. apost.
Vulg.	ad Ephes.
Vulg.	ad Galat.
Vulg.	ad Hebr.
Vulg.	ad Phil.
Vulg.	ad Tit.
Vulg.	apoc.
Vulg.	cant.
Vulg.	cant. cant.
Vulg.	cant. cantic.
Vulg.	deut.
Vulg.	deuter.
Vulg.	deuteron.
Vulg.	eccl.
Vulg.	epist. Iac.
Vulg.	epist. Iud.
Vulg.	euang. Ioann.
Vulg.	excd.
Vulg.	exod.
Vulg.	gen.
Vulg.	genes.
Vulg.	in psalm.
Vulg.	iudic.
Vulg.	lev.
Vulg.	levit.
Vulg.	num.
Vulg.	numer.
Vulg.	paral.
Vulg.	paralip.
Vulg.	prov.
Vulg.	psalm.
Vulg.	sap.
Vulg.	sapient.
Vulg.	sapient. 
Vulg.	thren.
Wasser.	Vitr.
Welt.	Augustin. conf.
Wernsd.	Cic. Phil.
Wernsdorf.	Poet. Lat. min. tom.
Westerh.	Ter. Andr.
Westerh.	Ter. adelph.
Westerh.	Ter. heaut.